ID,Name,Business_Operation_Year,Franchise,Own_Lease,Number_Of_Staff_Before_Covid,Number_Of_Staff_During_Covid,Number_Of_Staff_During_Reopen,Total_Hours_Per_Week_Before_Covid,Total_Hours_Per_Week_During_Covid,Total_Hours_Per_Week_During_Reopen,Delivery,Curbside_Pickup,Dine_In_Service,Patio_Service,Cuisine,Offer_Alcohol,Price_Point_Target,Income_052019_062019,Income_052020_062020,Income_052021_062021,Profit_052019_062019,Profit_052020_062020,Profit_052021_062021,Selected_Open,Helpfulness,Long,Lat,Helpfulness_Factor
4,12 TABLES,1-5 years,Y,Lease,24,7,52,108,64,86,Y,Y,N,N,Chinese,N,Low-end,152430,4754,201225,3156,328,4166,Y,4,-79.41635,43.72334,4
13,241 PIZZA,1-5 years,Y,Own,36,5,7,140,50,59,Y,N,Y,N,Chinese,N,Low-end,142876,15131,183010,5066,1939,6490,Y,4,-79.45064,43.67606,4
33,7 NUMBERS EGLINTON,Under 1 year,N,Lease,37,1,50,85,43,54,Y,Y,Y,N,Vietnamese,Y,Average,238700,134719,221241,6301,1701,5840,Y,2,-79.38215,43.71025,2
54,A & W,Under 1 year,Y,Own,10,8,38,141,47,68,Y,Y,N,N,Japanese,Y,Average,501953,52762,142247,15181,5031,4302,Y,4,-79.3793,43.65143,4
62,A & W,1-5 years,Y,Own,58,13,8,103,61,65,Y,N,N,N,Mexican,Y,High-end,564742,155600,334715,14908,4453,8836,Y,1,-79.5224,43.64549,1
68,A & W,Under 1 year,N,Lease,10,5,45,83,27,44,Y,Y,Y,N,Chinese,Y,Average,494004,35735,294202,10694,755,6368,Y,5,-79.39693,43.70677,5
77,A PLUS DELI,11-20 years,N,Own,8,6,13,83,15,96,Y,N,N,N,Chinese,N,High-end,490106,157251,470713,10054,3758,9656,Y,4,-79.35407,43.76256,4
98,ABU HUMMUS,1-5 years,N,Own,23,17,26,97,64,90,Y,N,Y,N,Chinese,N,Average,381069,63312,367746,9379,2944,9051,Y,5,-79.40168,43.65448,5
108,ADDIS CAFE & DONUT,1-5 years,N,"Lease, want to purchase",54,9,14,98,54,71,Y,Y,N,N,Korean,Y,High-end,448451,215976,294512,14238,3821,9350,Y,3,-79.28381,43.69255,3
126,AGO BISTRO,1-5 years,Y,Lease,62,3,22,140,54,66,Y,Y,N,N,Others,N,Low-end,127814,18473,195550,3537,1056,5412,Y,4,-79.39371,43.65384,4
130,AISH TANOOR,6-10 years,Y,Own,44,12,43,107,69,76,N,Y,Y,N,Japanese,N,Low-end,241597,44868,133409,5841,593,3225,Y,4,-79.42955,43.70038,4
148,ALBANY PIZZA,11-20 years,Y,Lease,22,12,16,79,37,48,Y,N,Y,Y,Italian,Y,High-end,431351,9190,307045,12383,2346,8814,Y,4,-79.43912,43.64771,4
159,ALI BABA,Over 20 years,N,Own,19,4,54,70,33,60,N,Y,Y,N,Chinese,Y,Average,415795,19963,188223,16741,2915,7578,Y,1,-79.45136,43.65372,1
160,ALI BABA,Over 20 years,Y,Lease,59,7,13,99,14,68,N,Y,N,N,Mediterranean,N,Average,232075,4123,403885,5888,988,10247,Y,5,-79.42558,43.66223,5
166,ALI BABA'S MIDDLE EASTERN CUISINE,Under 1 year,N,"Lease, want to purchase",42,3,48,131,63,55,Y,Y,Y,N,Indian,Y,Average,327185,7288,233089,8439,2940,6012,Y,5,-79.4353,43.64087,5
185,ALTON RESTAURANT,1-5 years,N,Lease,6,18,5,79,64,83,Y,N,N,N,Indian,Y,Low-end,267147,96370,121516,8166,741,3714,Y,5,-79.27754,43.82485,5
189,AMADEUS RESTAURANT,11-20 years,N,Lease,11,14,19,167,7,86,N,Y,Y,N,Japanese,N,Low-end,201660,90370,98514,8478,2584,4141,Y,4,-79.4019,43.65402,4
191,AMANO PASTA,1-5 years,Y,Own,55,3,38,153,57,86,Y,Y,Y,N,Italian,N,Average,192583,8134,146668,4856,214,3698,Y,5,-79.38049,43.64528,5
207,AMSTERDAM BREWHOUSE,11-20 years,N,Own,69,2,10,151,66,75,Y,N,Y,N,Japanese,Y,Low-end,186088,95826,165266,4617,1301,4100,Y,1,-79.38517,43.63895,1
208,AMULET RESTAURANT AND BANQUET HALL,6-10 years,N,Lease,34,2,53,117,6,61,Y,Y,Y,N,Mediterranean,Y,Average,270045,119769,130519,8136,684,3932,Y,1,-79.46956,43.7755,1
248,ARCHEO TRATTORIA,6-10 years,N,Own,63,2,10,152,44,95,Y,Y,Y,N,Mexican,Y,Average,189743,58171,392201,6800,2308,14057,Y,2,-79.35803,43.65072,2
257,ARIZONA B-BAR & GRILL,Under 1 year,N,"Lease, want to purchase",60,8,16,138,38,49,Y,Y,Y,N,American,Y,Average,357061,185401,310615,8874,512,7719,Y,3,-79.59246,43.68347,3
272,AROMA ESPRESSO BAR,1-5 years,N,Own,12,15,52,118,8,83,Y,Y,N,Y,Thai,N,Average,302962,99325,299109,11843,2790,11692,Y,2,-79.41711,43.63865,2
285,AROMA ESPRESSO BAR,6-10 years,N,Lease,62,17,56,133,43,50,N,Y,N,N,Indian,N,Average,294473,112044,230866,10728,3706,8411,Y,3,-79.41134,43.65604,3
287,AROMA FINE INDIAN CUISINE,6-10 years,Y,Lease,22,3,9,116,6,53,Y,Y,Y,Y,Mexican,N,High-end,605106,88464,364492,19065,6617,11484,Y,3,-79.38995,43.64647,3
289,ART COFFEE,Over 20 years,N,Lease,30,11,28,111,50,64,Y,N,Y,N,Chinese,N,Low-end,176442,56852,133625,6768,2509,5126,Y,5,-79.36621,43.77963,5
309,ASIAN GOURMET,1-5 years,N,Lease,29,5,24,118,46,96,N,Y,Y,N,Others,Y,Low-end,228673,17407,221449,4925,645,4770,Y,4,-79.40606,43.65371,4
312,ASIAN LEGEND,1-5 years,Y,Lease,5,7,49,102,6,69,N,Y,N,N,Japanese,N,Low-end,224659,23450,77508,9384,2876,3237,Y,3,-79.2673,43.78842,3
314,ASSEMBLI,11-20 years,N,Own,59,19,69,151,57,46,Y,Y,Y,N,Japanese,Y,High-end,637406,105541,412754,26799,2312,17353,Y,2,-79.37889,43.66117,2
315,ASSOCIAZIONE FAMIGLIE FOSSACESSIANE,Under 1 year,N,Own,61,14,10,136,20,66,Y,N,Y,N,Vietnamese,N,Average,242618,56279,162740,7315,2017,4906,Y,3,-79.543,43.76882,3
333,AVANT GOUT,11-20 years,Y,"Lease, want to purchase",32,18,20,84,42,54,Y,Y,Y,N,Chinese,Y,Average,298418,74137,140336,11456,6374,5387,Y,5,-79.39049,43.67864,5
357,Ace's Place Bar Grill Hub,Over 20 years,Y,"Lease, want to purchase",42,19,56,160,4,78,Y,N,Y,N,Thai,Y,Average,453608,61248,115305,15612,2962,3968,Y,3,-79.1996,43.74681,3
362,Aiolio,6-10 years,N,"Lease, want to purchase",23,12,34,163,43,76,N,Y,Y,N,Chinese,Y,Average,477679,82673,314141,20310,7323,13356,Y,4,-79.24881,43.71083,4
378,B'S SIZZLING KITCHEN,Under 1 year,N,Own,7,9,67,72,55,54,Y,Y,N,N,Others,N,Average,468510,120398,171135,11014,2977,4023,Y,3,-79.53696,43.60389,3
395,BAGHLAN KABOB AND BAKERY,11-20 years,N,Own,47,6,41,99,38,83,N,Y,Y,N,Chinese,N,Average,347898,69357,223764,11322,4539,7282,Y,1,-79.55813,43.71416,1
398,BAHAY BELLA,1-5 years,Y,Own,66,3,18,147,3,42,Y,Y,Y,N,Greek,Y,Average,458620,8835,133637,10974,2652,3197,Y,3,-79.40656,43.65692,3
400,BAIRRADA CHURRASQUEIRA,Under 1 year,N,Lease,19,5,6,125,6,75,Y,Y,Y,N,Chinese,N,High-end,567415,26770,437022,20783,1479,16007,Y,2,-79.42865,43.65322,2
414,BALZAC'S COFFEE,1-5 years,N,Lease,53,14,62,163,24,93,N,N,Y,N,Mediterranean,N,Low-end,195346,38085,194747,5076,859,5060,Y,1,-79.38667,43.67189,1
425,BANABOIA RESTAURANT,1-5 years,N,Own,54,17,30,151,12,44,Y,Y,Y,Y,Mediterranean,Y,Average,355729,37586,222681,12032,4384,7531,Y,3,-79.4683,43.68192,3
427,BANGKOK GARDENS,6-10 years,Y,Lease,52,19,28,81,28,94,Y,Y,N,N,Greek,N,Low-end,134194,50989,189175,5790,1960,8163,Y,3,-79.38275,43.6579,3
431,BANH MI BA LE,Under 1 year,N,Lease,59,11,62,110,7,75,Y,Y,Y,N,Korean,Y,High-end,410532,85990,423266,15780,1296,16270,Y,4,-79.39913,43.65278,4
443,BANNOCK,Under 1 year,Y,Own,52,12,63,163,55,44,Y,N,Y,N,Mediterranean,Y,Low-end,240681,86032,141847,6710,628,3955,Y,5,-79.38157,43.65183,5
461,BAR FANCY,1-5 years,N,Lease,6,14,37,157,43,56,N,Y,Y,N,Others,N,High-end,470164,4488,449698,10778,2718,10309,Y,4,-79.42147,43.64383,4
476,BAR VEGANDALE,Under 1 year,Y,"Lease, want to purchase",64,7,53,161,52,42,Y,Y,Y,N,Thai,N,Low-end,212973,9516,125583,5096,601,3004,Y,5,-79.43133,43.64169,5
479,BAR WELLINGTON,1-5 years,N,Lease,57,19,17,121,15,89,Y,N,Y,Y,Italian,N,Low-end,265668,40599,160682,7313,1829,4423,Y,3,-79.39925,43.64306,3
486,BARBURRITO,1-5 years,Y,Own,48,16,4,167,51,88,N,Y,N,N,Japanese,N,Low-end,189832,62389,81456,4185,1746,1796,Y,4,-79.38224,43.66003,4
491,BARMAKY RESTAURANT & BAR LTD,11-20 years,N,Lease,40,13,17,94,64,50,Y,N,Y,Y,Chinese,N,Average,398559,22900,416824,11432,4456,11956,Y,5,-79.55736,43.7658,5
496,BARQUE SMOKEHOUSE,1-5 years,N,"Lease, want to purchase",68,7,51,76,13,49,N,N,Y,N,Italian,Y,Low-end,253615,100593,145993,7127,701,4102,Y,1,-79.44968,43.64801,1
516,BAUZZA BAUZZA,6-10 years,N,Lease,39,12,67,133,42,63,Y,N,Y,N,Mediterranean,N,Low-end,161945,63344,165876,3348,550,3429,Y,1,-79.40167,43.65799,1
518,BB CAFE,1-5 years,N,Own,9,14,62,156,69,68,Y,N,N,N,American,N,Low-end,139976,21960,110546,6237,341,4926,Y,3,-79.47722,43.62636,3
525,BEAST,Over 20 years,Y,"Lease, want to purchase",50,15,58,126,48,44,N,Y,Y,N,Chinese,N,Average,436752,89715,223230,11207,5928,5728,Y,2,-79.40569,43.64408,2
534,BEER N WINGS SPORTS GRILL,1-5 years,N,Own,26,1,60,123,49,95,Y,N,N,N,Japanese,Y,Low-end,259027,32165,132364,10621,2898,5427,Y,4,-79.5343,43.64308,4
539,BEIRA MAR RESTAURANT & SPORTS BAR,1-5 years,Y,Own,62,15,9,158,0,43,N,Y,Y,N,Italian,Y,High-end,606407,13370,526703,19535,4330,16967,Y,3,-79.48463,43.68465,3
548,BELVEDERE BAR & GRILL,Under 1 year,N,Lease,16,13,65,101,9,56,Y,Y,Y,Y,Greek,N,High-end,427019,257358,570758,11169,2015,14928,Y,4,-79.44855,43.67695,4
566,BETTY'S,Under 1 year,N,Own,59,18,4,77,36,54,Y,Y,Y,Y,Mediterranean,Y,High-end,502833,158216,425803,16130,6351,13659,Y,1,-79.36738,43.6515,1
569,BHOJ INDIAN CUISINE,Over 20 years,N,Own,35,19,25,139,26,77,Y,N,Y,N,Greek,N,High-end,561039,238988,414514,21932,10441,16204,Y,4,-79.38904,43.67278,4
595,BISTRO 200,Over 20 years,Y,Own,61,16,34,94,22,93,Y,Y,N,N,Vietnamese,N,Low-end,186634,82409,98322,5907,1644,3112,Y,1,-79.56964,43.69401,1
600,BISTRO MANILA,6-10 years,Y,Lease,32,11,53,121,27,51,Y,N,Y,N,Vietnamese,Y,High-end,657614,21039,541628,23037,7346,18974,Y,4,-79.26671,43.7875,4
603,BITONDO'S PIZZERIA,Under 1 year,N,Own,53,13,36,100,29,60,Y,Y,Y,N,Thai,N,Low-end,250088,111899,222301,9898,2737,8798,Y,2,-79.41335,43.65387,2
614,BLACK JACK BBQ,11-20 years,N,Own,13,6,68,96,52,88,Y,Y,Y,Y,Italian,N,Low-end,124715,13213,107304,3775,1042,3248,Y,4,-79.33649,43.66919,4
641,BLUESTONE LANE,1-5 years,N,Own,43,2,61,117,37,45,Y,Y,Y,N,Others,N,Low-end,266915,31212,144583,6290,2330,3407,Y,1,-79.3762,43.64938,1
653,BOCA CHICA RESTAURANT & BAR,6-10 years,Y,Own,11,5,49,87,22,79,Y,Y,Y,N,Chinese,N,Average,257979,2759,235147,10322,263,9408,Y,3,-79.47719,43.70298,3
654,BOCCACCIO RESTAURANT,Under 1 year,N,Own,18,19,45,145,36,87,Y,Y,N,N,Japanese,Y,Average,360378,27144,326805,10531,2229,9550,Y,2,-79.45675,43.71301,2
657,BODEGA,11-20 years,N,Lease,38,6,46,122,31,65,Y,Y,N,N,Mexican,N,Low-end,232586,38806,115886,10454,3348,5208,Y,3,-79.31475,43.67803,3
678,BONJOUR BRIOCHE BAKERY,6-10 years,N,"Lease, want to purchase",31,17,6,126,5,45,Y,N,Y,N,Others,N,Average,286243,31348,346774,12866,1504,15586,Y,1,-79.34632,43.65986,1
679,BONNE NOUVELLE PATISSERIE,Under 1 year,Y,Lease,58,10,67,147,8,44,Y,N,N,N,Thai,N,Average,518993,67965,173198,14612,7131,4876,Y,5,-79.41605,43.65481,5
683,BOOM BREAKFAST & CO,11-20 years,Y,"Lease, want to purchase",59,2,47,157,44,64,Y,Y,Y,N,Indian,N,Low-end,120159,7256,122588,3088,1185,3150,Y,4,-79.39313,43.70804,4
684,BOOM BREAKFAST CO.,1-5 years,Y,Lease,26,4,53,167,68,92,Y,Y,N,N,Chinese,N,Low-end,231027,53934,73026,5652,1826,1786,Y,4,-79.43852,43.67922,4
694,BOSTON PIZZA,1-5 years,N,Lease,40,1,30,112,36,53,Y,N,Y,N,Indian,N,Average,267501,113186,184624,11171,11,7710,Y,3,-79.54419,43.61841,3
698,BOSTON PIZZA,6-10 years,N,Own,44,4,69,113,65,74,Y,Y,Y,Y,Others,N,Average,435732,4506,179186,14458,4506,5945,Y,2,-79.28891,43.72915,2
706,BOW THAI RESTAURANT,1-5 years,N,Lease,6,1,33,108,41,67,Y,N,Y,Y,Italian,N,Low-end,182982,64543,105565,4895,1011,2824,Y,1,-79.36388,43.77875,1
712,BRANZY'S CHILL N GRILL,Over 20 years,Y,Lease,38,1,3,133,53,42,Y,N,Y,N,Greek,N,Average,251087,113034,242887,5047,116,4882,Y,4,-79.44693,43.68682,4
720,BREAD & ROSES,6-10 years,N,Lease,16,9,35,132,63,56,N,N,Y,N,Japanese,Y,Average,521234,174586,202992,10446,5160,4068,Y,4,-79.38837,43.76923,4
740,BRYDEN'S,Under 1 year,N,Own,42,11,64,124,47,65,Y,Y,Y,N,Mexican,N,Low-end,134748,7340,185757,4239,2274,5844,Y,1,-79.48457,43.64904,1
746,BUBBY'S NEW YORK BAGELS,6-10 years,Y,Lease,56,19,28,114,40,52,Y,N,Y,N,Chinese,Y,High-end,536604,5216,303754,14026,2126,7940,Y,4,-79.45829,43.71376,4
750,BUDA-PEST RESTAURANT,1-5 years,N,Lease,32,6,66,123,44,81,Y,Y,Y,Y,Mexican,Y,High-end,424693,53894,663169,18326,183,28618,Y,3,-79.30999,43.68614,3
754,BUK CHANG DONG SOON TOFU,1-5 years,N,Own,23,18,24,105,41,55,N,Y,Y,Y,Others,N,Average,514967,321248,233447,11962,380,5422,Y,4,-79.41716,43.66365,4
777,BURGER KING,Over 20 years,N,Lease,22,1,41,137,15,75,Y,Y,Y,N,Thai,N,High-end,760647,225709,602972,17097,4683,13553,Y,2,-79.48076,43.72689,2
788,BURGERS N' FRIES FOREVER,1-5 years,Y,Own,46,13,6,109,53,84,Y,Y,Y,N,Greek,N,Average,319646,79443,376898,11023,1946,12997,Y,4,-79.42062,43.64837,4
797,BURRITO BOYZ,1-5 years,Y,Lease,55,11,32,93,1,41,Y,N,Y,N,Greek,N,Average,212022,56822,341334,7995,1198,12871,Y,1,-79.44597,43.63893,1
838,Burger Stomper,1-5 years,N,Lease,37,6,68,86,9,87,Y,Y,Y,N,Others,Y,Average,329564,72577,284960,11103,7042,9600,Y,5,-79.35246,43.67771,5
841,C.C. LOUNGE & WHISKY BAR,11-20 years,N,Own,9,1,6,99,47,43,Y,Y,Y,N,Thai,N,Average,443505,183890,321622,10543,3203,7645,Y,5,-79.37442,43.64789,5
848,CACTUS CLUB CAFE,11-20 years,N,Own,42,10,4,135,69,47,Y,N,Y,N,Greek,N,Low-end,163911,10678,150301,5522,2867,5063,Y,5,-79.55597,43.61265,5
853,CAFE 512,6-10 years,Y,"Lease, want to purchase",15,9,22,99,21,53,Y,Y,Y,N,Indian,Y,Average,292626,20916,347985,11528,2478,13710,Y,1,-79.45021,43.67662,1
854,CAFE 513,11-20 years,Y,Lease,18,9,35,161,41,96,Y,Y,Y,N,Vietnamese,N,Low-end,223669,47468,113756,5317,845,2704,Y,5,-79.44304,43.70856,5
862,CAFE DAILY,1-5 years,N,Lease,52,11,52,132,22,60,Y,Y,Y,N,Mexican,Y,Average,326002,149878,156661,14171,6787,6809,Y,5,-79.41481,43.77838,5
868,CAFE EUROPA,1-5 years,N,Own,46,15,63,133,43,86,Y,Y,Y,N,Chinese,N,Average,279107,2423,276402,6503,323,6440,Y,4,-79.54506,43.60056,4
871,CAFE LANDWER,6-10 years,N,Lease,47,12,63,126,29,51,Y,N,N,N,Others,Y,Average,423824,201794,192675,13562,2202,6165,Y,5,-79.41989,43.73333,5
872,CAFE MAXIM'S PATISSERIE,1-5 years,N,Own,7,9,32,74,33,97,N,Y,Y,N,Thai,Y,Average,222158,34751,299840,6581,3275,8882,Y,1,-79.38066,43.78798,1
874,CAFE MONDIALE,11-20 years,N,Own,28,18,67,116,10,48,Y,Y,Y,Y,Mexican,N,Low-end,214040,3255,91340,9476,1179,4043,Y,5,-79.51133,43.73924,5
877,CAFE NICOLE,11-20 years,N,Own,47,13,31,119,20,93,Y,N,Y,N,Indian,N,Low-end,220179,17000,152518,7216,1484,4998,Y,3,-79.37439,43.64674,3
886,CAFE REZNIKOFF,Under 1 year,N,Lease,14,16,42,78,19,67,Y,Y,N,N,Japanese,N,Average,301738,19425,342199,9313,3186,10561,Y,5,-79.3978,43.66307,5
894,CAFFE DEMETRE,1-5 years,N,Own,29,18,62,147,22,86,N,Y,Y,N,Italian,N,Low-end,194684,64389,109048,8381,2071,4694,Y,2,-79.50862,43.64821,2
897,CAFFE E LATTE,Under 1 year,N,Lease,10,10,59,73,39,41,Y,Y,Y,N,Chinese,N,Low-end,252706,13946,207122,7799,1632,6392,Y,4,-79.46959,43.7303,4
906,CALDENSE BAKERY & PASTRIES,11-20 years,N,Own,42,10,31,143,20,40,Y,Y,N,Y,Chinese,Y,High-end,411513,59967,330865,15190,3580,12213,Y,3,-79.42263,43.64929,3
935,CANIS,Under 1 year,N,Own,63,12,45,112,16,86,Y,Y,Y,N,Japanese,Y,Average,346220,165659,440644,7325,1856,9322,Y,4,-79.41013,43.64607,4
946,CANYON CREEK CHOPHOUSE,11-20 years,Y,Lease,42,19,63,147,38,76,N,Y,Y,Y,Chinese,N,Low-end,219373,51732,175515,8916,3987,7133,Y,2,-79.26235,43.77584,2
956,CAPTAIN JACK,Under 1 year,N,Lease,26,15,43,112,54,92,Y,N,N,N,Others,Y,Average,255794,31013,146138,11466,608,6551,Y,2,-79.29917,43.67053,2
967,CARIBBEAN HEAT,1-5 years,Y,Lease,56,5,43,134,21,79,N,Y,Y,N,Indian,Y,Low-end,209698,125649,175802,9090,2312,7621,Y,5,-79.48988,43.76485,5
970,CARIBBEAN LYME RESTAURANT AND LOUNGE,1-5 years,Y,Lease,25,18,69,124,18,73,N,N,Y,N,Indian,N,Average,193316,96221,240062,4863,1469,6038,Y,4,-79.60538,43.74363,4
978,CARIBU WEST INDIAN CUISINE,Under 1 year,N,Own,22,5,32,142,35,86,Y,Y,Y,N,Japanese,Y,Average,217931,56000,357205,9439,1526,15471,Y,4,-79.54239,43.75046,4
981,CARMELITAS RESTAURANT,1-5 years,Y,Lease,14,10,23,108,36,81,N,N,Y,Y,Thai,Y,Low-end,258141,132396,101539,10270,4109,4039,Y,1,-79.46892,43.66571,1
983,CAROLE'S CHEESECAKE CAFE,1-5 years,Y,Own,44,18,67,120,69,55,Y,Y,N,N,Korean,N,Average,269587,22045,250881,11630,7,10823,Y,2,-79.39165,43.6703,2
1010,CHA TIME,11-20 years,Y,Own,68,19,5,142,7,41,Y,Y,Y,N,Japanese,N,High-end,708502,235256,397412,27046,7905,15170,Y,4,-79.46812,43.67305,4
1018,CHAKO BARBEQUE ISAKAYA,11-20 years,N,Lease,48,19,51,112,56,73,Y,Y,Y,Y,Chinese,N,High-end,782683,38119,573857,34878,225,25572,Y,5,-79.29491,43.81477,5
1035,CHASKA EXPRESS,Under 1 year,N,Own,46,3,14,94,63,70,Y,N,Y,N,Mexican,N,Average,251766,3025,208421,7592,2825,6285,Y,2,-79.32862,43.72915,2
1045,CHAWK BAZAR,6-10 years,N,Lease,13,5,46,76,52,97,Y,Y,Y,Y,Japanese,N,Average,223731,74635,173102,9323,2534,7213,Y,1,-79.3084,43.74264,1
1076,CHICKEN KITCHEN,Under 1 year,Y,Lease,62,6,52,114,34,60,Y,Y,Y,Y,Vietnamese,N,Low-end,231364,23659,137290,8364,1647,4963,Y,1,-79.29273,43.74604,1
1098,CHODANG SOON TOFU,6-10 years,Y,Lease,35,18,5,140,16,69,Y,Y,Y,N,Others,Y,Low-end,177912,42828,130817,6241,1846,4589,Y,5,-79.53334,43.64419,5
1107,CHRISTIE PITS PUB,Over 20 years,Y,Lease,26,9,19,129,39,46,N,Y,Y,N,Greek,Y,Average,366689,32376,271208,11130,1116,8232,Y,4,-79.42272,43.66261,4
1113,CHUCK E CHEESE'S,11-20 years,Y,Own,57,18,15,138,12,41,Y,Y,N,N,Thai,N,High-end,644074,18164,580427,26453,3749,23839,Y,4,-79.32625,43.7749,4
1119,CHURCH STREET ESPRESSO,Over 20 years,Y,Lease,14,17,59,162,26,40,Y,Y,N,N,Japanese,N,Low-end,122853,25024,143705,4086,523,4780,Y,5,-79.3817,43.66822,5
1126,CHURCH'S TEXAS CHICKEN,Over 20 years,Y,Lease,13,12,2,84,52,46,Y,N,N,N,Greek,N,High-end,560804,174064,387352,23786,4800,16429,Y,4,-79.48656,43.74383,4
1148,CINEPLEX- VIP CINEMAS,1-5 years,N,Lease,47,9,65,136,8,74,Y,Y,Y,N,Chinese,N,Low-end,144134,43163,142700,2950,363,2921,Y,5,-79.39908,43.70716,5
1154,CIRCLE K,1-5 years,N,"Lease, want to purchase",64,7,12,126,28,86,N,N,Y,N,Japanese,N,High-end,604248,298959,375710,13608,3823,8461,Y,1,-79.23803,43.79351,1
1158,CITY BETTY,6-10 years,N,Own,13,3,22,83,49,86,Y,N,Y,N,Greek,Y,Average,433129,174399,276802,18452,1990,11792,Y,5,-79.3288,43.68247,5
1171,CLUB 44,11-20 years,N,Own,13,9,28,111,57,53,N,Y,N,N,American,N,High-end,771426,33789,654819,17722,207,15043,Y,4,-79.45624,43.69416,4
1184,COCO FRESH TEA & JUICE,Over 20 years,N,Lease,24,7,50,122,13,60,Y,N,Y,Y,Mediterranean,N,Average,188960,37883,446518,6221,113,14702,Y,4,-79.38218,43.65873,4
1205,COFFEE TIME DONUTS,1-5 years,Y,Lease,49,15,30,155,61,70,Y,N,Y,N,Greek,Y,Low-end,260489,93569,118031,8472,2154,3839,Y,1,-79.45174,43.65542,1
1209,COLABA JUNCTION,1-5 years,Y,Lease,23,4,69,98,46,53,Y,N,Y,N,Vietnamese,N,High-end,775338,463299,605008,20299,5616,15839,Y,5,-79.38561,43.66114,5
1226,CONGEE WONG,11-20 years,N,Lease,47,11,52,79,19,92,N,N,Y,N,Vietnamese,Y,High-end,473380,59863,529368,10636,1824,11894,Y,2,-79.36575,43.79055,2
1236,COPPER BRANCH,11-20 years,N,Lease,34,2,51,148,5,45,Y,N,Y,N,Greek,N,Average,198974,98848,214608,8725,1917,9411,Y,5,-79.40717,43.65418,5
1253,COUNTRY STYLE,6-10 years,N,Own,24,4,32,110,35,90,Y,N,N,Y,American,Y,High-end,469318,141316,597043,16968,1341,21586,Y,4,-79.62393,43.75275,4
1261,CRAIG'S COOKIES,11-20 years,Y,Lease,16,1,64,96,45,76,Y,N,N,N,Japanese,N,Low-end,157307,34155,120112,4541,1548,3467,Y,2,-79.38041,43.66497,2
1266,CREEDS COFFEE BAR,1-5 years,Y,Own,16,15,12,104,29,47,Y,Y,Y,N,Japanese,N,Low-end,188617,64147,143498,6547,2444,4981,Y,5,-79.41086,43.67388,5
1268,CREPE T.O,Under 1 year,N,Own,17,15,22,138,37,57,Y,N,Y,N,Mediterranean,N,Low-end,236684,110146,65314,9015,235,2487,Y,4,-79.37594,43.64957,4
1276,CROWDED HOUSE,6-10 years,Y,Own,39,18,55,97,22,43,Y,N,Y,N,Italian,N,High-end,629364,138457,497079,25581,5246,20204,Y,3,-79.33345,43.66236,3
1279,CROWN PRINCESS FINE DINING,Under 1 year,Y,Lease,13,16,35,118,55,72,Y,Y,Y,N,Thai,N,Low-end,253841,90312,132017,6099,1799,3171,Y,1,-79.38741,43.66616,1
1280,CROWS,1-5 years,Y,Own,5,11,3,158,53,48,N,Y,Y,Y,American,Y,Low-end,129959,5538,159352,3911,592,4796,Y,5,-79.3414,43.66515,5
1282,CRY BABY GALLERY,Over 20 years,N,Own,55,1,9,151,34,68,Y,Y,Y,N,American,N,Low-end,255033,16142,204635,9771,5191,7840,Y,1,-79.431,43.64982,1
1290,CUP O HOUSE,Under 1 year,Y,Own,16,17,13,70,35,57,N,Y,Y,N,Mediterranean,Y,Average,202917,76061,342747,8995,1307,15194,Y,2,-79.41682,43.66402,2
1293,CURRY TWIST RESTAURANT,6-10 years,N,Own,69,1,52,123,20,57,N,N,Y,N,American,N,Low-end,228324,37771,110442,9619,351,4652,Y,2,-79.47057,43.6657,2
1296,CXBO,Over 20 years,Y,Lease,49,16,26,155,12,66,Y,N,Y,N,Indian,N,Average,217837,37199,165104,8258,584,6259,Y,5,-79.37933,43.65233,5
1337,Country Style/Mr.Sub,1-5 years,Y,Own,24,17,24,124,51,63,Y,N,N,N,Greek,Y,High-end,699953,201076,457570,26098,15644,17061,Y,4,-79.26214,43.79926,4
1344,D & Y Sushi,11-20 years,N,Lease,8,11,20,149,1,76,Y,Y,Y,N,Mediterranean,N,Average,346114,193726,227840,9020,2494,5938,Y,3,-79.46503,43.66521,3
1345,D SPOT DESSERT CAFE,1-5 years,N,Lease,16,1,37,92,58,51,Y,N,N,N,Chinese,N,High-end,688346,142375,451757,16841,5500,11052,Y,4,-79.51743,43.62325,4
1393,DANFORTH ROTI SHOP,1-5 years,N,"Lease, want to purchase",42,6,31,124,56,86,Y,N,N,N,Others,Y,Low-end,135684,71421,107138,3994,721,3154,Y,5,-79.29546,43.68982,5
1407,DAVE'S ON ST CLAIR,1-5 years,Y,Own,46,8,40,87,7,95,Y,Y,Y,N,Mexican,N,Average,232966,81970,267806,9948,1096,11436,Y,5,-79.42725,43.68164,5
1439,DEMETRES,6-10 years,N,Lease,65,4,28,162,69,61,Y,Y,Y,N,Thai,N,High-end,652913,361706,391859,18536,2810,11124,Y,5,-79.34423,43.73644,5
1452,DICKENS RESTAURANT,Under 1 year,N,Own,40,4,41,157,45,63,Y,Y,Y,N,Chinese,N,High-end,647737,157750,469803,18089,7684,13120,Y,5,-79.27669,43.78659,5
1454,DIM SUM KING SEAFOOD RESTAURANT,1-5 years,Y,Own,53,5,16,111,30,87,N,Y,Y,N,Indian,Y,Low-end,257263,104997,108004,5550,743,2330,Y,5,-79.39534,43.65342,5
1457,DIMMI BAR & TRATTORIA,11-20 years,N,"Lease, want to purchase",50,9,69,90,16,41,Y,Y,Y,N,Thai,N,High-end,660560,214539,486055,15833,784,11650,Y,5,-79.39274,43.67018,5
1460,DINEEN OUTPOST,1-5 years,Y,"Lease, want to purchase",61,17,12,115,45,63,Y,N,N,N,Indian,N,High-end,467651,209596,376718,9585,2856,7721,Y,2,-79.33682,43.66922,2
1465,DIRTY FOOD EATERY,1-5 years,Y,Lease,20,5,56,137,58,92,Y,Y,N,N,Japanese,N,Low-end,168790,30622,123949,5810,951,4267,Y,5,-79.47193,43.66566,5
1470,DISTRICT PIZZA,6-10 years,N,"Lease, want to purchase",52,10,28,76,40,79,N,Y,Y,N,Greek,Y,Low-end,180463,9949,149229,5980,2061,4945,Y,4,-79.35803,43.65072,4
1476,DOLCE GELATO,1-5 years,N,Lease,10,15,16,71,6,57,Y,Y,Y,N,Thai,N,Average,494029,179866,143342,14543,4151,4219,Y,1,-79.41756,43.65512,1
1484,DOMINO'S,11-20 years,N,Own,39,9,64,116,56,66,Y,N,Y,N,Vietnamese,N,Low-end,208712,96025,201672,8788,3680,8492,Y,4,-79.39248,43.68357,4
1485,DOMINO'S,1-5 years,N,Own,63,13,46,106,26,81,Y,Y,Y,N,Greek,N,Low-end,126098,43046,87246,5669,1965,3922,Y,1,-79.40006,43.71688,1
1497,DONERLAND,1-5 years,Y,Lease,32,12,50,141,27,87,Y,Y,Y,N,Greek,N,Average,337352,49447,302230,11331,3651,10151,Y,5,-79.44881,43.64573,5
1499,DONG XING MARKET,1-5 years,N,Own,6,10,59,144,46,68,Y,Y,Y,N,Chinese,N,Low-end,185415,28644,148713,6321,1207,5069,Y,5,-79.43137,43.67489,5
1501,DONLANDS GARDEN CHINESE RESTAURANT,11-20 years,N,Lease,61,7,62,117,58,46,Y,N,Y,N,Japanese,Y,Average,297453,78558,240730,8199,2534,6635,Y,4,-79.34284,43.69325,4
1504,DONUT COUNTER AND FAMOUS YOGURT,1-5 years,N,Own,52,15,25,137,3,96,Y,Y,Y,N,Korean,N,Average,275651,20632,263990,10738,2101,10283,Y,5,-79.39302,43.79161,5
1531,DRUXY'S FRESH DELI,1-5 years,N,Lease,59,4,24,167,28,91,Y,Y,Y,N,Others,Y,High-end,415942,14138,499842,8847,2875,10632,Y,5,-79.38824,43.65341,5
1535,DUFF'S FAMOUS WINGS,1-5 years,N,Own,13,5,19,105,26,87,Y,Y,Y,N,Vietnamese,N,High-end,410255,124751,444726,10219,1143,11077,Y,3,-79.37562,43.70608,3
1575,Dim Sum King,1-5 years,Y,Own,29,3,65,127,8,88,Y,Y,N,N,Chinese,N,Average,436713,22140,407903,15431,2841,14413,Y,4,-79.28977,43.80661,4
1582,Double Sushi,1-5 years,Y,Lease,25,4,40,144,3,92,Y,Y,Y,N,Italian,Y,Average,247233,36329,160452,5491,220,3563,Y,4,-79.29562,43.68931,4
1585,E BAR,1-5 years,N,Own,37,3,69,105,30,64,Y,N,Y,N,Others,N,Average,260472,26315,398522,11699,3511,17899,Y,5,-79.38044,43.6562,5
1593,EAST COAST DONAIR & GRILL,6-10 years,N,Lease,57,17,57,92,4,55,Y,N,N,N,Mexican,N,Average,314481,82175,320812,7175,3027,7320,Y,5,-79.41618,43.66412,5
1597,EAST OF BRUNSWICK,1-5 years,Y,Lease,21,5,59,104,11,52,Y,Y,Y,N,Korean,Y,High-end,684708,185223,309700,21925,3280,9917,Y,3,-79.40314,43.66544,3
1609,EAT BKK THAI KITCHEN,1-5 years,N,Lease,37,16,67,119,67,59,Y,Y,Y,N,Indian,N,High-end,602068,86707,620598,20038,6424,20655,Y,5,-79.40371,43.64726,5
1625,EDWARD HOTEL,1-5 years,Y,Lease,36,14,18,159,45,65,N,Y,Y,N,Italian,N,Average,235692,57981,210908,5067,651,4534,Y,5,-79.33635,43.7708,5
1647,EGGSPECTATION,Under 1 year,Y,Own,52,4,58,148,62,73,N,Y,Y,N,Greek,N,High-end,549288,145484,323640,18719,7332,11029,Y,5,-79.38044,43.66139,5
1657,EL CONVENTO RICO RESTAURANT AND CLUB,1-5 years,Y,Own,17,4,5,138,13,87,Y,Y,Y,Y,Mexican,N,High-end,543045,29479,411109,17246,10634,13056,Y,4,-79.41963,43.65511,4
1671,EL TREN LATINO,1-5 years,N,Lease,51,14,48,145,67,45,Y,Y,N,N,Japanese,N,Low-end,272874,52312,157332,10838,2352,6249,Y,5,-79.44236,43.67788,5
1685,EMPIRE ESPRESSO,Under 1 year,Y,Own,46,12,8,155,38,40,Y,N,Y,Y,Thai,N,Average,492401,204067,321767,19825,1176,12955,Y,5,-79.41667,43.65529,5
1693,EPICURE CITY,6-10 years,Y,Lease,47,9,55,88,69,83,Y,N,Y,N,Italian,N,Low-end,156704,77260,150753,6181,1945,5947,Y,3,-79.37827,43.66011,3
1699,ESPRESSO BAR NAMASTE,1-5 years,Y,Own,52,18,41,123,23,82,Y,Y,Y,N,Mexican,N,Average,219511,44148,133285,9629,1810,5847,Y,3,-79.54536,43.60106,3
1703,EST RESTAURANT,1-5 years,N,Lease,5,15,25,122,64,48,Y,N,Y,N,Indian,N,Low-end,266393,30240,138619,6600,217,3434,Y,1,-79.34899,43.65891,1
1712,EURO SHAWARMA,11-20 years,Y,Own,33,16,64,142,53,52,N,N,Y,N,Mediterranean,N,Average,476700,91578,220067,13427,6496,6198,Y,3,-79.48244,43.72585,3
1717,EVA'S ORIGINAL CHIMNEY'S/BIG POPPA'S,Under 1 year,Y,Own,48,13,36,156,46,94,Y,Y,Y,Y,Greek,Y,Low-end,206217,12628,162150,6104,3891,4800,Y,4,-79.4094,43.6655,4
1721,EXOTIC INDIAN CUISINE,1-5 years,N,Lease,21,10,1,116,16,61,Y,N,Y,N,Chinese,Y,Average,242350,31255,189524,9817,2328,7677,Y,1,-79.61542,43.7465,1
1722,EXPRESS BAR AND GRILL,Under 1 year,N,Lease,49,6,25,145,33,63,Y,Y,Y,Y,Mediterranean,N,Average,492293,20019,325814,17306,6550,11453,Y,5,-79.56127,43.76668,5
1729,Eggsmart,1-5 years,N,Lease,69,7,2,72,67,87,Y,Y,N,N,Italian,N,Low-end,129981,42140,106930,5292,3047,4354,Y,5,-79.28183,43.7693,5
1731,Eglinton Fast Foods Inc.,1-5 years,N,Lease,58,8,2,117,55,44,N,N,N,N,Others,N,Low-end,175977,62952,111161,5020,784,3171,Y,3,-79.45037,43.69545,3
1740,F'AMELIA,Over 20 years,Y,Own,47,14,53,70,63,92,Y,Y,Y,N,Others,Y,Low-end,171407,112895,98511,4662,1763,2679,Y,4,-79.36894,43.66731,4
1745,FAIM DE LOUP RESTAURANT,1-5 years,N,Own,51,13,60,100,14,75,Y,N,Y,N,Italian,Y,Average,511896,62061,168325,22821,8750,7504,Y,3,-79.42641,43.65358,3
1755,FAMOUS LAST WORDS,Under 1 year,N,Own,52,2,1,120,23,49,Y,Y,Y,Y,Indian,Y,Average,424256,76507,257580,15843,4789,9619,Y,4,-79.46875,43.66521,4
1776,FAVOURITES,6-10 years,N,Lease,43,8,44,157,69,78,N,N,N,N,Japanese,N,Average,346484,45418,281422,14520,993,11793,Y,1,-79.42009,43.6476,1
1790,FIAMMA,Under 1 year,Y,Lease,28,19,66,80,37,90,Y,Y,N,Y,Mediterranean,N,Low-end,273892,47238,156095,6399,935,3647,Y,5,-79.60354,43.65004,5
1812,FIRKIN ON THE DANFORTH,11-20 years,N,Lease,69,12,53,143,40,87,Y,N,N,N,Thai,N,Low-end,274827,38898,111407,10780,4740,4369,Y,3,-79.31338,43.6851,3
1814,FIRST AND LAST COFFEE SHOP,Under 1 year,N,Own,6,6,35,140,8,51,Y,Y,N,Y,American,Y,Average,335767,76958,237639,9940,3240,7035,Y,5,-79.40952,43.67435,5
1826,FIVE GUYS BURGERS & FRIES,1-5 years,N,Own,22,18,32,125,41,71,N,N,Y,N,Italian,Y,Average,331942,50328,192466,9382,1893,5440,Y,3,-79.38086,43.65709,3
1852,FLOCK ROTISSERIE + GREENS,1-5 years,Y,Lease,65,10,29,83,15,90,Y,Y,Y,Y,Vietnamese,N,Average,301078,5618,202063,8058,2682,5408,Y,3,-79.41083,43.76226,3
1858,FOCACCIA'S ITALIAN EATERY,Under 1 year,N,"Lease, want to purchase",66,5,37,132,45,94,Y,N,N,N,Others,Y,Low-end,222809,74953,192387,9759,4288,8426,Y,1,-79.60795,43.74296,1
1867,FOODBENDERS,11-20 years,N,Own,55,2,19,135,62,82,Y,Y,Y,N,Korean,N,Average,276298,113442,198007,7167,2681,5136,Y,1,-79.43682,43.65958,1
1873,FOREST CAFE,6-10 years,Y,Own,55,4,44,87,25,75,Y,N,N,N,American,Y,Average,256402,54774,149933,8596,602,5027,Y,4,-79.34505,43.77327,4
1881,FOUNDATION BAR- RICHTREE NATURAL MARKET RESTAURANTS,Over 20 years,N,Own,7,4,43,110,10,42,Y,Y,Y,N,Indian,N,Low-end,261758,89342,95810,9889,1778,3619,Y,2,-79.38044,43.6562,2
1886,FOUR SEASONS CENTRE FOR THE PERFORMING ARTS,Under 1 year,N,Lease,56,12,11,114,18,85,Y,N,Y,N,Mediterranean,N,Low-end,219474,32396,94469,8355,808,3596,Y,3,-79.38586,43.65072,3
1890,FOX & FIDDLE,1-5 years,N,"Lease, want to purchase",66,7,30,136,2,69,Y,N,N,N,Others,Y,Low-end,135505,45166,184529,3639,1737,4955,Y,1,-79.34787,43.67808,1
1898,FRAN'S RESTAURANT,1-5 years,Y,Own,12,12,58,77,25,64,Y,N,N,N,Greek,N,Low-end,217079,82674,121879,9588,685,5383,Y,3,-79.3768,43.64741,3
1903,FRANKIE'S,6-10 years,N,Lease,50,9,7,162,7,46,Y,Y,Y,N,Mexican,N,High-end,728858,172326,451497,22684,7950,14052,Y,1,-79.34321,43.66056,1
1904,FRANKIES BAR & CAFE,1-5 years,N,Lease,61,3,59,137,6,51,Y,Y,Y,N,Mexican,N,Low-end,248696,98944,120087,7888,3116,3809,Y,4,-79.41844,43.64436,4
1916,FRESH ON FRONT,1-5 years,Y,Own,27,1,59,162,13,50,N,Y,Y,N,Mediterranean,N,High-end,798350,52798,357861,26921,8381,12067,Y,5,-79.37437,43.64793,5
1922,FRESH START BAKERY & CAFE,1-5 years,N,Lease,5,4,23,92,45,72,Y,N,Y,N,Greek,Y,Low-end,179978,43139,175636,4652,1403,4539,Y,2,-79.3833,43.65622,2
1964,FUNE JAPANESE RESTAURANT,Under 1 year,Y,Lease,49,12,61,78,23,55,Y,N,N,N,American,N,Low-end,137774,31176,126504,5742,1225,5272,Y,3,-79.38655,43.6486,3
1978,Falafel World,Under 1 year,N,Lease,36,19,62,81,12,94,Y,Y,N,N,Mexican,Y,Average,272986,17590,320960,8242,2256,9691,Y,4,-79.48281,43.64993,4
2005,GALITO'S FLAME-GRILLED CHICKEN,Over 20 years,N,Lease,67,1,31,165,34,54,Y,N,Y,N,Mediterranean,Y,High-end,639526,345345,349055,16719,21,9125,Y,1,-79.34626,43.70555,1
2014,GARDEN OF EDEN SPORTS BAR AND RESTAURANT,1-5 years,Y,Own,39,18,52,136,52,80,N,N,Y,N,Chinese,N,Low-end,124634,17397,113554,2638,447,2404,Y,5,-79.54152,43.77078,5
2020,GB HAND-PULLED NOODLES,1-5 years,N,Lease,31,2,47,103,20,57,Y,N,N,N,Mexican,Y,Average,269606,49087,130805,9677,4810,4695,Y,5,-79.38389,43.6567,5
2043,GILANEH,1-5 years,Y,Own,36,5,52,77,9,75,Y,Y,Y,N,Korean,N,Average,306596,48756,357006,7034,2169,8190,Y,1,-79.35082,43.75717,1
2048,GINGER RESTAURANT,6-10 years,Y,Own,47,6,62,102,18,62,N,Y,N,N,Japanese,Y,Low-end,140314,6659,178893,2843,603,3625,Y,1,-79.38603,43.66917,1
2063,GLO-HAR VARITY & GROCERY,1-5 years,N,Lease,18,10,26,167,58,90,N,Y,Y,N,Mediterranean,N,High-end,583043,283753,392963,15076,3309,10161,Y,2,-79.26671,43.7875,2
2069,GOAT COFFEE CO.,Under 1 year,N,"Lease, want to purchase",44,8,23,97,16,47,Y,Y,Y,N,Chinese,Y,Low-end,205745,17306,84979,8535,3832,3525,Y,5,-79.34669,43.68459,5
2070,GOD BLESS CANADA,Under 1 year,Y,"Lease, want to purchase",17,18,34,86,22,73,Y,N,Y,N,Japanese,N,Average,469128,27231,203992,10933,3597,4754,Y,1,-79.51947,43.70084,1
2082,GOLDEN GINGER THAI AND CHINESE RESTAURANT,11-20 years,N,Lease,13,9,7,113,23,44,N,Y,N,N,Others,Y,High-end,596416,87612,505163,13538,3506,11467,Y,5,-79.33284,43.68161,5
2091,GOLDEN STAR NOODLE RESTAURANT,11-20 years,N,Lease,67,6,15,154,63,72,Y,N,N,N,Indian,N,Average,440564,180435,170109,18362,3906,7089,Y,3,-79.5041,43.70322,3
2100,GOLDSTRUCK,6-10 years,N,Own,69,7,40,104,59,73,Y,Y,N,N,Chinese,Y,Average,496358,261465,400155,13785,262,11113,Y,1,-79.39235,43.67029,1
2107,GONOE SUSHI,Under 1 year,N,Own,31,6,37,127,23,67,Y,Y,N,N,Greek,N,High-end,480006,92194,364062,18542,5037,14063,Y,1,-79.38577,43.63904,1
2110,GOOD CHEESE,Under 1 year,N,Lease,29,9,52,136,5,65,Y,N,Y,N,American,N,Low-end,213034,69805,183591,6836,1441,5892,Y,4,-79.3514,43.66597,4
2112,GOOD KARMA,6-10 years,Y,Lease,39,12,36,137,63,95,Y,Y,Y,N,Italian,N,Average,324585,68531,162530,8745,2980,4379,Y,2,-79.39441,43.67121,2
2125,GORDO EX CAFE,Under 1 year,Y,Own,51,17,42,94,20,51,Y,Y,N,N,Indian,Y,Average,415208,22004,294892,8791,1041,6244,Y,3,-79.41393,43.67174,3
2137,GRANITE BISTRO,1-5 years,N,Lease,9,8,68,112,35,44,Y,N,Y,N,Vietnamese,N,High-end,539889,93757,395700,20367,1074,14927,Y,5,-79.35146,43.76223,5
2150,GREEN CAFE,Under 1 year,N,Own,69,9,62,149,32,42,Y,N,N,N,Greek,Y,High-end,766336,204808,278562,27704,8327,10070,Y,5,-79.40675,43.6568,5
2154,GREEN MANGO,Under 1 year,N,Lease,52,4,7,138,51,46,Y,Y,Y,N,Italian,Y,Average,331818,65357,392325,12106,4039,14314,Y,5,-79.51067,43.6478,5
2163,GRETA SOLOMON'S,1-5 years,Y,Lease,20,11,46,107,23,48,N,N,Y,Y,American,N,Low-end,127282,31720,158420,5157,305,6418,Y,3,-79.3354,43.66233,3
2172,GRILLS 'N' CURRIES,Over 20 years,N,Lease,66,9,40,133,47,93,Y,Y,Y,N,Chinese,N,Average,329082,17277,287973,6669,1114,5836,Y,1,-79.408690000000007,43.65491,1
2173,GROSSMAN'S TAVERN,Over 20 years,N,Lease,54,15,3,134,5,47,Y,Y,Y,N,Vietnamese,Y,High-end,786085,196292,368172,20506,5546,9604,Y,3,-79.39914,43.65601,3
2180,GUSTO LUNGO TRATTORIA,1-5 years,N,Own,51,17,1,163,15,69,Y,N,N,N,Others,Y,Low-end,162179,57786,75265,6355,2129,2949,Y,5,-79.38778,43.70309,5
2181,GUU IZAKAYA,6-10 years,N,Lease,36,2,28,132,27,69,Y,N,N,N,Indian,N,Average,267502,56435,266154,10918,3426,10863,Y,1,-79.43116,43.64193,1
2185,GYU HITO JAPANESE BBQ,Under 1 year,N,Lease,49,3,51,97,46,79,Y,N,N,N,Mexican,N,Average,215101,84902,345034,9353,2357,15003,Y,4,-79.29921,43.82188,4
2211,HA GOW,1-5 years,Y,Lease,36,11,44,143,40,97,Y,Y,Y,N,Mediterranean,N,Low-end,207155,75419,135476,9109,4864,5957,Y,5,-79.3376,43.68058,5
2215,HABIBIQ,1-5 years,Y,Own,6,7,47,118,2,58,Y,Y,Y,N,Mexican,N,Average,220392,138814,164692,6520,2095,4872,Y,3,-79.29695,43.74519,3
2218,HAI DI LAO HOT POT,1-5 years,Y,Lease,18,18,36,93,55,64,Y,Y,Y,N,Greek,N,Average,292873,162651,253226,10805,2183,9342,Y,3,-79.26932,43.80923,3
2223,HAKATA SHORYUKEN RAMEN,11-20 years,N,Own,22,19,54,147,14,67,Y,Y,N,Y,Mediterranean,N,Low-end,167437,79388,157814,7256,815,6839,Y,2,-79.4136,43.77356,2
2224,HAKATA SHORYUKEN RAMEN,11-20 years,Y,Lease,8,11,35,135,31,54,Y,Y,Y,N,Greek,Y,Low-end,171240,5834,217797,4412,533,5611,Y,5,-79.38811,43.6505,5
2231,HAKKA NO 1 RESTAURANT 2,1-5 years,Y,Own,29,13,24,133,56,94,Y,N,Y,N,Greek,Y,High-end,581966,21767,339732,19359,1403,11301,Y,4,-79.47748,43.70767,4
2254,HAPPY LAMB HOT POT,6-10 years,N,Lease,7,6,46,161,42,43,N,Y,Y,N,Italian,Y,High-end,722313,287198,537988,15729,7996,11715,Y,1,-79.39534,43.65342,1
2291,HAWTHORNE,Under 1 year,N,"Lease, want to purchase",39,18,32,71,31,55,Y,Y,Y,N,Japanese,Y,High-end,666447,118650,329940,19000,3380,9406,Y,1,-79.37619,43.65254,1
2297,HEALTHY PLANET,1-5 years,N,Lease,12,9,63,145,32,75,Y,N,Y,N,Others,Y,Average,209810,14707,336622,5811,258,9324,Y,4,-79.36166,43.70579,4
2298,HEALTHY SUSHI,1-5 years,N,Own,7,17,42,81,0,80,Y,N,Y,N,Greek,N,High-end,482163,243438,402899,12484,1130,10431,Y,1,-79.42915,43.71822,1
2301,HEAVEN'S GRILL,6-10 years,Y,Lease,35,14,38,140,69,77,Y,N,Y,N,Chinese,Y,Low-end,225263,34111,175983,6663,1357,5205,Y,1,-79.44237,43.736,1
2307,HENRIETTA LANE,1-5 years,N,"Lease, want to purchase",47,16,15,118,19,70,Y,Y,Y,Y,Vietnamese,N,Low-end,224318,70587,169602,6532,1083,4939,Y,1,-79.36127,43.65407,1
2308,HENRY VIII ALE HOUSE,1-5 years,Y,Own,31,12,57,120,18,52,Y,Y,N,N,Mediterranean,N,Average,272089,18887,307909,11004,6144,12453,Y,4,-79.51423,43.64701,4
2309,HENRY'S DRUGS,Over 20 years,N,Lease,17,9,29,145,11,71,Y,Y,Y,N,Indian,Y,Low-end,126990,48724,99595,3368,120,2641,Y,4,-79.23175,43.77876,4
2316,HERO CERTIFIED BURGERS,6-10 years,N,Lease,57,19,16,156,6,91,N,Y,Y,N,Japanese,N,Low-end,162020,53263,116997,5773,2485,4169,Y,1,-79.40408,43.64385,1
2347,HOGTOWN SMOKE,Over 20 years,Y,Lease,61,16,46,167,9,75,Y,N,Y,Y,Vietnamese,Y,High-end,429369,12603,286339,17932,3896,11958,Y,5,-79.37438,43.6491,5
2362,HOLY PEROGY,Over 20 years,Y,Own,38,7,9,117,40,85,Y,N,N,N,Mexican,Y,Average,251910,28878,203562,6102,956,4931,Y,4,-79.5054,43.62571,4
2373,HONG KONG GARDENS TAVERN & RESTAURANT,Under 1 year,Y,Lease,23,10,47,100,32,49,Y,Y,Y,Y,Others,Y,Average,500592,280475,373991,12044,666,8998,Y,4,-79.50985,43.64748,4
2375,HONGKONG ISLAND DIM SUM HOUSE,1-5 years,N,Lease,48,16,34,81,9,48,Y,N,Y,N,Mediterranean,N,Average,410319,101885,117038,11635,1953,3318,Y,2,-79.39777,43.65163,2
2399,HOTOPIA,Under 1 year,Y,"Lease, want to purchase",45,14,45,129,63,40,Y,N,Y,N,Vietnamese,N,Average,513989,38424,132938,10952,2624,2832,Y,5,-79.38044,43.66139,5
2413,HUH GA NE,11-20 years,Y,Lease,15,11,20,137,46,93,Y,N,N,N,Chinese,N,Low-end,125219,42824,76433,2647,701,1616,Y,5,-79.41726,43.77917,5
2417,HUNAN STYLE RESTAURANT,Over 20 years,N,Own,17,3,16,166,9,51,Y,N,Y,N,Others,N,Low-end,234984,87061,70490,10439,5398,3131,Y,4,-79.29921,43.82188,4
2426,HUONG PHU BANH MI NORTH YORK,11-20 years,N,Lease,37,1,62,116,0,71,N,Y,Y,N,Greek,Y,Average,445197,108402,259950,13841,4462,8082,Y,1,-79.52777,43.75179,1
2436,Hakka Legend Asian Cuisine,1-5 years,Y,Own,26,2,52,144,49,61,Y,N,Y,N,Greek,N,Low-end,155760,3736,192158,6935,1993,8556,Y,1,-79.23444,43.77674,1
2458,I'LL BE SEEING YOU,1-5 years,Y,Lease,66,15,51,154,13,81,Y,N,Y,N,Greek,N,Average,286884,69460,96493,11727,2684,3944,Y,1,-79.3481,43.65902,1
2461,ICHA TEA,1-5 years,N,Lease,21,17,50,122,27,58,Y,N,Y,N,Greek,N,High-end,534398,33277,346795,23369,6326,15165,Y,4,-79.39706,43.65139,4
2464,ICHIBAN FISH HOUSE,Over 20 years,N,Own,16,1,4,94,9,48,Y,Y,N,N,Mexican,N,Average,429209,168864,226187,10840,331,5712,Y,4,-79.41059,43.76431,4
2477,IL FORNELLO,Over 20 years,N,Own,24,10,56,96,15,83,Y,Y,Y,N,Chinese,Y,Low-end,269543,121179,84656,11939,5255,3749,Y,5,-79.38677,43.64743,5
2478,IL FORNELLO,Over 20 years,N,Lease,41,2,38,141,13,68,Y,Y,Y,N,Chinese,N,Average,440668,101525,365813,11277,604,9361,Y,4,-79.38837,43.76923,4
2482,IL PANINO,Under 1 year,N,Own,57,15,51,144,28,71,N,N,Y,N,Greek,N,High-end,565467,11889,385714,25068,11889,17099,Y,5,-79.57035,43.7596,5
2484,IL POSTO,Under 1 year,Y,Own,53,13,53,151,26,48,Y,Y,N,N,Greek,N,Average,415037,225058,240997,14470,5668,8402,Y,5,-79.39467,43.67053,5
2492,IMPACT KITCHEN,6-10 years,N,Lease,52,15,28,79,62,54,Y,N,Y,N,Greek,Y,Average,468901,139617,381300,15588,7120,12676,Y,2,-79.39804,43.64647,2
2498,INDIA PAAN INC.,11-20 years,Y,Lease,28,8,29,121,44,44,Y,Y,Y,N,Chinese,Y,High-end,688201,52958,513033,28186,13667,21011,Y,3,-79.3223,43.67206,3
2504,INDIAN SPICE ROOM,1-5 years,Y,Lease,69,7,34,115,25,44,N,N,Y,N,Vietnamese,N,Low-end,199467,105125,102598,8750,836,4500,Y,3,-79.34927,43.65879,3
2518,IQ FOOD CO,1-5 years,N,Lease,5,17,45,161,48,65,N,N,Y,N,Chinese,N,Low-end,188794,49680,101089,4796,181,2568,Y,1,-79.45147,43.72608,1
2527,ISAAN DER,1-5 years,N,Lease,14,9,21,77,3,77,N,N,Y,N,Greek,N,Average,442110,124830,224349,10218,57,5185,Y,4,-79.46798,43.66529,4
2538,ISTAR RESTAURANT,Under 1 year,N,Own,60,2,12,117,30,77,Y,Y,Y,N,Mediterranean,N,Average,255576,77774,290307,5543,384,6297,Y,4,-79.54392,43.69669,4
2550,Indar's Roti & Doubles,Under 1 year,N,Own,51,11,2,164,9,83,N,Y,Y,N,Others,N,Average,383201,103296,184688,11445,2088,5516,Y,3,-79.56738,43.73788,3
2586,JAPANGO,11-20 years,N,Own,43,14,58,119,11,52,Y,N,Y,N,Greek,N,Low-end,255262,106871,184601,7651,258,5533,Y,4,-79.38529,43.65511,4
2600,JAY JAY,1-5 years,N,Own,51,7,18,144,40,63,Y,Y,Y,N,Vietnamese,Y,Low-end,204294,25154,156520,9114,2569,6982,Y,1,-79.47327,43.78352,1
2603,JC's Banquet & Grill House,11-20 years,Y,"Lease, want to purchase",58,13,58,89,57,65,N,Y,N,Y,American,N,Low-end,261327,40581,192231,11446,2045,8420,Y,1,-79.24927,43.77307,1
2607,JER'S,Over 20 years,Y,Lease,61,11,55,73,51,64,N,Y,Y,N,Indian,Y,Average,412860,50476,292323,17196,2629,12175,Y,4,-79.43962,43.69779,4
2619,JET FUEL COFFEE SHOP,1-5 years,N,Own,45,13,15,132,37,96,Y,N,Y,Y,Japanese,Y,Average,224231,1199,226028,8345,1199,8412,Y,5,-79.36836,43.66526,5
2622,JIAN BING CLUB CHINESE STREET FOOD,1-5 years,N,Lease,68,16,6,107,12,68,Y,N,N,N,Mediterranean,N,Average,418036,74654,303270,18745,9807,13598,Y,3,-79.39931,43.65697,3
2623,JIANGHU BBQ,11-20 years,N,Own,25,13,62,78,7,56,Y,Y,N,N,American,Y,Low-end,169954,52744,131192,6566,3163,5068,Y,1,-79.26932,43.80923,1
2625,JIMMY THE GREEK,1-5 years,Y,Lease,68,16,22,139,63,84,Y,Y,N,N,Korean,N,High-end,487289,234249,476880,16330,769,15982,Y,2,-79.38744,43.65737,2
2632,JIN'S MI-FEN,6-10 years,N,Own,57,17,69,107,27,71,Y,N,N,N,Japanese,Y,High-end,508719,212302,267553,12748,1070,6704,Y,5,-79.41483,43.77832,5
2643,JOE & LIN RESTAURANT,1-5 years,N,"Lease, want to purchase",67,6,42,117,9,72,Y,N,N,N,Vietnamese,N,Average,222839,48525,386472,5210,867,9036,Y,5,-79.27463,43.73103,5
2660,JOLLIBEE,6-10 years,N,Lease,65,13,12,95,38,41,Y,N,Y,N,Mediterranean,Y,Low-end,273552,52604,85914,7550,2449,2371,Y,5,-79.38182,43.65741,5
2670,JP SUSHI,Under 1 year,Y,Own,19,15,55,138,3,42,Y,Y,N,N,Greek,Y,Average,494241,188836,201149,18528,957,7540,Y,2,-79.47989,43.66029,2
2679,JULES CAFE PATISSERIE,1-5 years,Y,Own,47,7,29,88,28,47,Y,Y,N,N,Thai,N,Low-end,259977,15139,87441,7535,184,2534,Y,1,-79.50643,43.64869,1
2700,K & B Sushi,Under 1 year,Y,Lease,42,19,68,158,31,58,Y,N,Y,N,Mediterranean,N,Low-end,184611,44488,99041,5162,2284,2769,Y,5,-79.52252,43.6221,5
2708,KABALEN,1-5 years,N,"Lease, want to purchase",29,9,1,151,14,94,N,Y,Y,N,Japanese,Y,Low-end,194747,53960,120091,4444,1364,2740,Y,5,-79.22583,43.76194,5
2714,KABULI KABOB,11-20 years,Y,Own,27,4,7,93,61,41,Y,Y,N,N,Japanese,Y,Low-end,238978,66677,81165,8993,578,3054,Y,3,-79.39548,43.64689,3
2724,KANDL ARTISTIQUE,11-20 years,N,Lease,66,17,3,157,35,92,Y,Y,N,N,Italian,Y,High-end,404646,147999,392943,15017,5903,14582,Y,4,-79.39591,43.67225,4
2727,KAPIT BAHAY,11-20 years,N,Own,23,14,67,113,11,58,Y,Y,Y,N,Greek,N,Low-end,219031,51078,175920,5213,2507,4186,Y,5,-79.18466,43.76935,5
2732,KARAHI POINT,1-5 years,N,Lease,9,17,31,125,67,79,Y,Y,N,Y,Greek,N,Low-end,131332,38146,183732,5676,852,7941,Y,5,-79.56627,43.73799,5
2755,KELSEY'S RESTAURANT,Under 1 year,N,"Lease, want to purchase",30,13,48,118,58,89,Y,N,N,N,Mexican,N,Average,510472,237773,156153,11480,339,3511,Y,5,-79.51601,43.62325,5
2760,KENSINGTON NATURAL BAKERY,1-5 years,Y,Lease,37,10,58,111,13,57,Y,N,Y,Y,Indian,Y,Average,429582,2030,184164,11076,1116,4748,Y,3,-79.40921,43.66565,3
2772,KFC,1-5 years,Y,Own,55,12,36,158,25,79,Y,Y,Y,N,Mexican,Y,Low-end,261122,29435,133377,10757,5531,5494,Y,4,-79.25005,43.7077,4
2776,KFC,11-20 years,N,Lease,23,8,25,116,23,53,Y,N,Y,N,Japanese,Y,Low-end,233582,84830,139557,10279,4414,6141,Y,2,-79.41474,43.66436,2
2777,KFC,1-5 years,Y,Own,46,8,1,145,39,92,Y,Y,N,N,Others,Y,Low-end,190650,33191,114882,4227,176,2547,Y,4,-79.30083,43.72301,4
2793,KIBO SUSHI,1-5 years,N,Lease,15,5,3,84,10,67,Y,Y,Y,Y,Chinese,N,Low-end,204607,65145,78515,6988,2237,2681,Y,4,-79.33269,43.66255,4
2802,KIBO UPPER BEACH,Over 20 years,Y,Own,63,8,63,162,8,66,Y,N,Y,N,Korean,Y,High-end,790839,220609,236442,17870,8876,5342,Y,3,-79.28958,43.68051,3
2812,KIMONO JAPANESE GRILL,1-5 years,Y,Lease,36,16,27,80,9,80,Y,N,N,N,Korean,N,High-end,638769,45336,291482,22753,8764,10382,Y,1,-79.40997,43.70407,1
2815,KING DELI CAFE,Under 1 year,Y,Own,37,4,43,128,17,48,Y,Y,Y,Y,Mediterranean,N,Average,316215,39505,298085,13850,597,13056,Y,2,-79.36101,43.65402,2
2828,KING'S BBQ CHICKEN RESTAURANT,11-20 years,N,"Lease, want to purchase",40,5,50,83,40,66,N,N,Y,N,Korean,Y,High-end,790625,130455,324573,23196,2965,9522,Y,1,-79.47121,43.68211,1
2832,KING'S DRIVE-IN,1-5 years,Y,Lease,67,4,30,119,10,91,N,Y,N,N,Chinese,N,Average,479406,103390,217704,18142,7341,8238,Y,1,-79.34695,43.68548,1
2861,KITCHEN ON SIXTH,6-10 years,N,Own,45,10,20,137,18,83,Y,Y,N,N,Chinese,N,Low-end,254331,18472,92893,7608,3870,2778,Y,4,-79.50686,43.60062,4
2868,KIZOKU SUSHI,Over 20 years,N,"Lease, want to purchase",25,13,55,134,17,75,N,Y,N,N,Vietnamese,N,Low-end,194355,43334,90295,4065,1421,1888,Y,4,-79.43074,43.68041,4
2870,KLUB KAVE,11-20 years,N,Own,64,2,47,82,8,46,Y,Y,Y,Y,Others,Y,High-end,729014,118405,425114,20095,6303,11718,Y,5,-79.50202,43.60128,5
2874,KOH SAMUI THAI KITCHEN,Over 20 years,Y,Lease,25,11,59,89,15,84,Y,N,N,N,Thai,N,Average,369714,138609,191146,10337,1384,5344,Y,4,-79.34677,43.67886,4
2881,KONJIKI RAMEN,1-5 years,N,Own,22,5,20,99,38,58,Y,N,N,N,Japanese,Y,Average,310244,142562,126179,12746,3369,5184,Y,1,-79.38362,43.6573,1
2898,KOTTA JAPANESE RESTAURANT,6-10 years,N,Own,44,19,20,77,52,76,N,Y,N,Y,Chinese,Y,Low-end,265181,127389,143291,7118,2349,3846,Y,4,-79.42837,43.63872,4
2903,KRAMER'S BAR AND GRILL,Under 1 year,Y,Lease,61,3,57,104,16,45,Y,Y,N,Y,Japanese,N,Average,287740,83859,364286,12510,3776,15838,Y,5,-79.39644,43.69863,5
2910,KUNG FU TEA,Under 1 year,N,Lease,48,1,18,143,69,95,Y,Y,N,Y,Chinese,N,Low-end,132072,28417,170027,4157,1287,5352,Y,1,-79.41443,43.66425,1
2912,KUNG FU TEA,11-20 years,Y,Own,11,9,24,110,51,64,Y,Y,Y,N,Japanese,Y,High-end,505013,199818,431639,19530,7047,16692,Y,2,-79.41121,43.76372,2
2963,LA CUBANA,6-10 years,Y,Own,23,5,38,138,20,71,Y,Y,Y,Y,Italian,N,Low-end,183740,69622,102350,6092,1615,3393,Y,1,-79.33719,43.66905,1
2996,LA ROSSINI RESTAURANT,11-20 years,Y,Lease,17,19,38,148,26,42,Y,Y,Y,N,Mexican,N,Low-end,186640,113222,179209,6052,611,5811,Y,3,-79.4203,43.73536,3
3001,LA TORTILLERIA,11-20 years,N,Own,25,7,14,113,55,86,Y,N,N,N,Korean,N,High-end,558569,128636,401585,11679,7269,8396,Y,4,-79.4351,43.6596,4
3020,LAKEVIEW RESTAURANT,1-5 years,N,Lease,30,10,61,83,40,41,N,N,Y,N,Italian,Y,Low-end,238965,6500,211888,6515,2214,5777,Y,2,-79.27231,43.6871,2
3026,LAMBRETTA PIZZERIA,Under 1 year,Y,Lease,60,10,14,138,1,77,Y,Y,N,N,Indian,N,Low-end,250563,5679,89560,9886,580,3533,Y,2,-79.44713,43.64171,2
3039,LATE NIGHT PIZZA BY ALY,Under 1 year,Y,Own,53,9,26,133,39,47,Y,N,Y,N,Others,Y,Low-end,128928,16324,164811,3589,1119,4588,Y,4,-79.22452,43.75839,4
3042,LATIN WORLD,Over 20 years,N,Lease,42,18,2,136,23,66,N,N,N,N,Indian,N,Low-end,246561,33336,96975,5317,2094,2091,Y,3,-79.43819,43.67928,3
3047,LAWYERS & LATTES,11-20 years,N,Own,39,6,36,77,18,72,Y,N,Y,N,Chinese,N,Low-end,235553,71986,200185,8831,3708,7505,Y,2,-79.41358,43.70333,2
3057,LE CAFE,11-20 years,N,Lease,61,13,15,133,4,45,Y,N,N,Y,American,N,Low-end,249505,26486,193100,6815,2642,5275,Y,4,-79.32298,43.77009,4
3066,LE SWAN,11-20 years,Y,Own,13,2,61,134,19,48,Y,N,Y,N,Mediterranean,N,Average,337246,20929,259302,10142,388,7798,Y,5,-79.41486,43.64507,5
3083,LEN DUCKWORTH FISH & CHIPS,Under 1 year,N,Lease,54,8,49,120,20,45,Y,Y,Y,N,Others,Y,Average,209281,58937,230436,9210,4249,10141,Y,5,-79.29998,43.68882,5
3087,LETAO,11-20 years,N,Own,24,12,33,149,53,87,N,Y,Y,N,Chinese,Y,High-end,500490,251427,339678,19032,6757,12916,Y,5,-79.40407,43.65721,5
3115,LISBON BY NIGHT,1-5 years,N,Lease,54,11,59,93,52,60,N,N,N,N,Greek,Y,Low-end,270252,59040,159691,5455,85,3223,Y,5,-79.40872,43.65185,5
3118,LITTLE BAVARIA RESTAURANT,1-5 years,N,"Lease, want to purchase",37,5,7,166,39,96,Y,N,Y,N,Mexican,N,Average,239237,46513,237504,5467,892,5427,Y,4,-79.21732,43.74377,4
3137,LLOYD'S,Under 1 year,Y,Own,5,2,11,160,53,46,Y,Y,N,N,Japanese,Y,High-end,598410,257433,319768,20204,12528,10796,Y,4,-79.32842,43.66395,4
3139,LOADED PIEROGI,1-5 years,N,Own,68,14,36,133,22,42,Y,N,Y,N,American,N,Low-end,129263,42556,116980,2749,1337,2488,Y,4,-79.40984,43.64597,4
3201,LUMA,Over 20 years,Y,Own,43,8,31,151,6,95,Y,Y,N,N,Mexican,Y,Low-end,146229,19743,115990,3990,9,3165,Y,1,-79.38992,43.64667,1
3204,LV ROTISSERIE GRILL,Under 1 year,N,Lease,33,3,7,132,37,89,Y,Y,Y,N,Greek,N,Low-end,128491,28981,121183,4364,1738,4116,Y,4,-79.42217,43.6399,4
3206,La Scogliera,Under 1 year,N,Lease,65,1,16,159,64,65,Y,N,Y,Y,Greek,N,Average,230995,52049,173412,9186,3006,6896,Y,3,-79.22879,43.72843,3
3228,M SQUARE COFFEE CO,1-5 years,N,Lease,24,3,26,120,8,55,Y,Y,N,N,Mediterranean,Y,Low-end,188988,78571,111837,8361,3599,4948,Y,4,-79.38437,43.65126,4
3246,MADE IN CHINA HOT POT,1-5 years,Y,Lease,23,1,49,94,9,81,Y,N,Y,N,Greek,Y,Low-end,274720,75809,162550,11788,3232,6975,Y,2,-79.28822,43.80588,2
3260,MAGIC NOODLE,11-20 years,N,Own,46,10,18,121,25,70,Y,Y,Y,N,Italian,Y,Average,439526,56224,303755,13211,1860,9130,Y,5,-79.41459,43.77742,5
3268,MAI BISTRO,1-5 years,Y,Lease,18,19,49,91,34,90,Y,Y,Y,N,Greek,Y,Average,249530,49576,202233,8274,1089,6705,Y,5,-79.52872,43.64914,5
3270,MAIN KITCHEN - RICHTREE NATURAL MARKET RESTAURANTS,Under 1 year,N,Own,67,5,51,145,27,84,Y,Y,Y,N,Japanese,Y,High-end,585316,163117,536812,19305,4987,17705,Y,4,-79.38044,43.6562,4
3298,MAMADON,11-20 years,N,Own,32,3,5,84,17,88,N,Y,Y,N,Indian,N,Average,176907,12415,140275,7904,1902,6268,Y,3,-79.41332,43.66467,3
3305,MAMMA'S PIZZA,6-10 years,N,Own,32,18,33,143,33,95,Y,N,Y,N,American,N,Low-end,138756,2284,182300,5818,260,7644,Y,5,-79.32606,43.68857,5
3326,MAPLE CAFE,6-10 years,Y,Lease,46,5,37,104,58,59,N,Y,Y,N,Mediterranean,N,Low-end,152773,41460,166528,4433,2243,4832,Y,4,-79.32976,43.68241,4
3330,MAPO GAMJATANG,11-20 years,N,"Lease, want to purchase",40,1,24,133,27,64,Y,N,Y,N,Vietnamese,N,Low-end,148599,1562,142180,4663,1562,4461,Y,1,-79.41196,43.76422,1
3332,MARATHON DONUT AND COFFEE,1-5 years,N,Own,19,16,58,144,17,60,Y,N,N,N,Italian,N,High-end,519931,39620,602177,15889,3222,18403,Y,2,-79.28882,43.8067,2
3334,MARBL,Over 20 years,N,"Lease, want to purchase",64,2,67,108,58,79,Y,N,Y,N,Vietnamese,N,High-end,413592,200860,298435,17495,7770,12624,Y,4,-79.39606,43.64513,4
3366,MASTRO CAFFE,6-10 years,N,Own,43,11,24,163,56,75,Y,N,Y,Y,Greek,Y,Average,477622,119902,264906,10300,2928,5713,Y,5,-79.43829,43.68678,5
3373,MATSUDA JAPANESE CUISINE,1-5 years,Y,Own,21,10,11,119,65,51,Y,N,N,N,Chinese,Y,Low-end,188351,70505,162214,5837,1600,5027,Y,5,-79.26675,43.83219,5
3380,MAX CAFE BAR & GRILL,Under 1 year,Y,Lease,20,14,51,116,12,67,Y,N,N,Y,Thai,N,Average,431068,32342,401224,12086,2423,11249,Y,3,-79.2892,43.75891,3
3381,MAX'S MARKET,6-10 years,Y,Own,22,14,3,133,66,62,Y,Y,N,N,Vietnamese,Y,Average,511042,95721,450888,18530,1839,16349,Y,5,-79.47854,43.6504,5
3390,MC DONALDS,Over 20 years,N,Own,55,16,63,71,51,62,N,N,Y,N,Greek,Y,High-end,668050,329617,312936,28383,7576,13295,Y,3,-79.42527,43.66196,3
3403,MCDONALD'S,1-5 years,N,Own,25,15,11,144,1,62,N,N,N,N,Mediterranean,Y,High-end,527911,5884,384561,16297,828,11872,Y,4,-79.42695,43.68176,4
3405,MCDONALD'S,1-5 years,N,Own,56,5,66,127,30,65,Y,Y,N,Y,Japanese,Y,High-end,473223,270722,607118,12202,2831,15655,Y,4,-79.51346,43.75756,4
3409,MCDONALD'S,6-10 years,N,Own,41,10,16,110,9,47,Y,N,Y,N,Greek,N,Low-end,222970,66375,86816,8391,1964,3267,Y,1,-79.55462,43.71676,1
3429,MCDONALD'S,Over 20 years,Y,Own,48,15,49,98,18,66,Y,Y,Y,N,Vietnamese,Y,Low-end,261612,10598,241173,10562,1186,9737,Y,3,-79.5183,43.63,3
3449,MCDONALD'S,Under 1 year,N,Lease,21,19,62,82,35,94,Y,Y,N,N,Chinese,N,High-end,770532,292405,354790,23334,8965,10744,Y,5,-79.38598,43.66885,5
3479,MEATPOINT,6-10 years,N,Lease,29,9,24,111,11,56,N,Y,N,Y,Korean,Y,Average,275414,102980,168229,11124,1311,6794,Y,5,-79.47873,43.72769,5
3488,MEET YOU,1-5 years,Y,Lease,25,12,21,114,28,63,N,N,N,N,Mexican,Y,Average,470779,168493,148250,11346,616,3573,Y,4,-79.41442,43.77688,4
3540,MIDTOWN GASTRO HUB,Under 1 year,N,Lease,23,15,31,97,51,73,Y,N,Y,N,Indian,N,Average,310022,57377,378174,7538,1088,9196,Y,1,-79.39459,43.68994,1
3541,MIGHT&MAIN,Under 1 year,N,Lease,67,5,7,134,21,47,Y,Y,N,N,Japanese,N,Average,296582,18927,361748,6995,2039,8532,Y,4,-79.30005,43.68293,4
3578,MITZI'S CAFE,11-20 years,N,Lease,5,7,65,135,26,87,N,Y,Y,N,Chinese,N,Low-end,151350,85926,144978,3323,947,3183,Y,4,-79.44215,43.6429,4
3620,MORGANS ON THE DANFORTH,11-20 years,N,Own,46,13,53,103,31,59,N,Y,N,N,Mexican,N,Low-end,192688,44904,139896,5124,614,3720,Y,2,-79.33035,43.68214,2
3622,MORNING PARADE COFFEE BAR,Over 20 years,Y,Own,28,6,26,122,25,70,Y,N,Y,N,Vietnamese,N,Average,320718,120870,241736,6866,2886,5175,Y,2,-79.31051,43.68113,2
3637,MOTORINO CITTA,Over 20 years,Y,Own,30,17,45,159,62,76,Y,Y,N,N,Greek,N,High-end,644908,302616,354705,25325,2923,13929,Y,4,-79.36662,43.65283,4
3642,MOXIE'S GRILL AND BAR,Over 20 years,N,Lease,29,14,64,115,43,58,Y,Y,Y,N,Chinese,N,Average,419036,53335,321002,12382,2634,9485,Y,5,-79.38457,43.64661,5
3646,MR SOUVLAKI,Under 1 year,N,Lease,12,2,67,161,45,62,Y,Y,Y,N,Thai,N,Low-end,148770,34096,163287,4981,1072,5468,Y,3,-79.39148,43.65908,3
3648,MR SUB,Under 1 year,Y,Own,25,3,54,149,53,60,Y,Y,Y,N,Mediterranean,N,Low-end,240841,34820,192977,4928,1288,3949,Y,4,-79.49507,43.67666,4
3650,MR SUB,Under 1 year,N,Lease,29,12,27,141,53,53,Y,N,Y,N,Greek,N,Low-end,187260,55262,137981,4530,2235,3338,Y,4,-79.24776,43.82297,4
3655,MR ZAGROS,1-5 years,N,"Lease, want to purchase",8,2,60,143,58,55,Y,Y,Y,N,Mediterranean,Y,High-end,647965,347350,404304,19615,6161,12239,Y,5,-79.47706,43.70887,5
3663,MR. GREEK MEDITERRANEAN GRILL,1-5 years,N,Own,12,11,52,95,13,58,Y,Y,Y,Y,American,Y,High-end,788904,277069,386277,18904,11953,9256,Y,5,-79.60582,43.73546,5
3667,MR. SUB,11-20 years,Y,Own,8,9,32,161,66,51,Y,N,Y,N,Vietnamese,N,Low-end,165432,35713,161079,5696,387,5546,Y,4,-79.50279,43.66492,4
3686,MR.K BURGER,Under 1 year,Y,Lease,32,9,62,93,46,64,N,Y,Y,N,Mediterranean,Y,Average,237113,70488,141521,9832,406,5868,Y,5,-79.39889,43.65406,5
3693,MUCHO BURRITO,1-5 years,N,Lease,5,17,22,118,20,92,Y,N,Y,N,Others,N,Average,487248,90449,317123,16261,5778,10583,Y,5,-79.24078,43.794670000000004,5
3720,MY ROTI PLACE,11-20 years,N,Own,12,11,49,70,31,44,Y,Y,Y,N,Greek,N,Low-end,150435,62057,176674,6146,1723,7218,Y,1,-79.41142,43.6421,1
3743,McDonald's,6-10 years,N,Lease,28,17,16,74,68,76,N,Y,Y,N,Mediterranean,N,Average,449334,162729,176315,18373,5215,7209,Y,4,-79.28193,43.77346,4
3757,Miss Fu in Chengdu,Under 1 year,N,Own,55,9,47,163,21,81,Y,N,Y,N,Mexican,N,Average,453715,189775,215907,19019,1721,9050,Y,1,-79.41449,43.77704,1
3760,"Mom's ""N"" Paps",1-5 years,N,"Lease, want to purchase",33,18,18,82,68,79,Y,Y,Y,N,Mexican,N,Low-end,218672,36681,97815,6070,670,2715,Y,1,-79.2963,43.71011,1
3762,Mr. Greek FLOGA,Under 1 year,Y,Own,64,11,2,107,61,85,N,Y,Y,N,Vietnamese,Y,Average,430011,99436,261163,17130,7015,10403,Y,5,-79.28171,43.76877,5
3777,NAKAYOSHI IZAGAYA,Under 1 year,Y,Lease,43,17,23,83,26,72,N,Y,Y,N,Vietnamese,N,Low-end,233616,95287,113781,8802,1497,4287,Y,5,-79.34141,43.6799,5
3800,NEO COFFEE BAR,Over 20 years,Y,"Lease, want to purchase",23,1,11,123,22,49,Y,N,N,N,Mediterranean,N,Low-end,230183,121503,163765,6987,1161,4971,Y,4,-79.36905,43.65072,4
3826,NEW WEST CITY RESTAURANT,Under 1 year,N,Own,58,5,25,74,42,80,Y,N,N,N,Japanese,Y,Average,403885,32351,273673,12392,17,8396,Y,4,-79.48816,43.61524,4
3828,NEW YORK SUBS & BURRITOS,6-10 years,N,Lease,39,1,37,75,47,45,Y,N,N,N,Vietnamese,N,Average,217307,75658,329277,7625,833,11554,Y,1,-79.40183,43.64774,1
3830,NICE & EASY RESTAURANT & BAR INC,6-10 years,N,Own,17,1,12,102,31,40,Y,N,Y,N,Indian,N,Low-end,222021,20462,177511,4540,179,3630,Y,2,-79.52674,43.74922,2
3838,NINKI,Over 20 years,Y,Own,36,1,33,80,30,41,Y,Y,Y,N,Vietnamese,N,Low-end,184038,23822,87787,5591,1922,2667,Y,5,-79.38023,43.64869,5
3845,NOCERIS MEET N' EAT,Under 1 year,N,Lease,22,12,19,119,12,41,Y,Y,N,N,Italian,Y,Low-end,162784,79000,105666,5644,722,3663,Y,3,-79.54355,43.59691,3
3852,NOME IZAKAYA,Under 1 year,Y,Lease,59,5,37,118,9,84,Y,N,Y,N,Greek,N,Low-end,206282,81021,78749,4729,2091,1805,Y,5,-79.34423,43.73644,5
3853,NOODLE BAR,Over 20 years,Y,"Lease, want to purchase",37,4,68,108,29,45,Y,Y,N,N,Indian,Y,Low-end,129797,1860,114794,4825,1860,4267,Y,5,-79.59605,43.72158,5
3867,NORTH BEACH INDOOR VOLLEYBALL RESTAURANT,Over 20 years,N,Own,31,7,29,161,61,75,Y,Y,Y,N,Mexican,Y,Average,307193,67839,348652,8615,3207,9778,Y,2,-79.32415,43.73714,2
3885,NOVA ERA BAKERY & PASTRY,Under 1 year,Y,Own,8,7,11,131,45,59,N,N,Y,N,Indian,N,Average,479639,76532,218950,14284,520,6520,Y,2,-79.43022,43.66097,2
3903,Navayo Greek Bistro,1-5 years,N,"Lease, want to purchase",67,14,4,136,57,85,Y,N,N,N,Korean,Y,Average,386801,175368,260342,17395,5616,11708,Y,1,-79.25263,43.70497,1
3909,Nichiban Sushi 4 U,1-5 years,N,Lease,7,1,18,147,14,88,Y,N,N,N,Mediterranean,N,High-end,727973,52793,387085,28777,17832,15301,Y,5,-79.30642,43.82304,5
3930,OH-BAR,6-10 years,Y,Lease,64,10,30,86,53,94,N,Y,N,N,Italian,Y,Low-end,235485,17818,207546,6201,1482,5465,Y,5,-79.41471,43.77783,5
3931,OJA RESTAURANT,1-5 years,N,Lease,38,6,44,80,68,48,N,Y,Y,N,Greek,N,Low-end,244296,28444,90434,6774,17,2507,Y,4,-79.38592,43.66905,4
3936,OLD SCHOOL,11-20 years,N,Lease,56,3,10,78,6,81,Y,N,Y,N,Japanese,N,Low-end,200810,116302,115951,5114,269,2952,Y,1,-79.40841,43.65198,1
3964,ONTARIO PIZZA UNLIMITED,6-10 years,Y,Lease,19,9,53,92,37,81,N,N,Y,N,Greek,N,Low-end,249946,111967,183336,5808,172,4260,Y,1,-79.59709,43.74265,1
3966,OPERA BOB'S PUBLIC HOUSE,Over 20 years,N,Lease,10,16,37,79,64,96,N,N,Y,N,Mexican,N,High-end,726693,434158,449831,15710,7001,9725,Y,4,-79.42027,43.64942,4
3979,OSAKA JAPANESE CUISINE,6-10 years,N,Lease,11,3,40,165,54,63,Y,N,Y,N,Italian,N,Average,335309,135652,128307,8111,1621,3103,Y,5,-79.3356,43.71355,5
3989,OSMOW'S,Over 20 years,N,"Lease, want to purchase",35,6,67,115,42,61,Y,N,Y,N,Mediterranean,Y,Low-end,130803,3294,165564,5806,3294,7349,Y,2,-79.34914,43.67784,2
3998,OSMOW'S AUTHENTIC MEDITERRANEAN RESTAURANT,1-5 years,Y,Own,67,3,39,147,21,86,Y,N,Y,N,Japanese,N,High-end,466630,134877,287312,20816,9890,12817,Y,5,-79.4034,43.65708,5
4004,OTTO'S BERLIN DONER,1-5 years,N,Lease,56,13,49,118,9,56,Y,Y,Y,N,Japanese,N,Low-end,260880,4910,102195,8106,4162,3175,Y,1,-79.4027,43.65622,1
4009,OUTRIGGER,Under 1 year,N,Own,59,1,18,126,51,55,N,Y,N,N,Vietnamese,Y,High-end,424201,147578,391092,11625,652,10718,Y,5,-79.28787,43.67287,5
4022,One Plus One,Over 20 years,Y,Lease,48,14,6,131,11,47,N,Y,Y,N,Japanese,N,Average,285038,110005,322902,8899,5241,10081,Y,2,-79.29921,43.82188,2
4028,Our Korean Restaurant,11-20 years,Y,Own,29,7,47,119,9,75,Y,N,N,N,Mexican,N,High-end,618327,183723,473617,14411,5340,11038,Y,1,-79.28695,43.8037,1
4041,PAK CENTRE RESTAURANT,11-20 years,N,"Lease, want to purchase",29,13,52,70,60,43,Y,N,N,N,Mediterranean,Y,Average,237555,74396,157546,8326,2369,5522,Y,5,-79.26149,43.7517,5
4050,PANAGIO'S,Under 1 year,Y,Lease,7,19,31,143,17,72,N,N,Y,N,Vietnamese,Y,Average,219329,95665,413496,6858,1531,12930,Y,5,-79.48793,43.61717,5
4059,PANERA BREAD,Under 1 year,Y,Own,28,16,39,91,4,42,Y,Y,Y,N,Mexican,N,Average,255651,131322,179321,7127,1555,4999,Y,1,-79.5561,43.61515,1
4069,PAPA SPICY,11-20 years,Y,Own,18,2,1,74,46,96,N,Y,Y,N,Italian,Y,Average,285782,49223,180634,8969,2317,5669,Y,3,-79.39874,43.65497,3
4077,PARACAS PERUVIAN COUSINE,Over 20 years,N,Own,51,11,13,132,50,79,Y,Y,Y,N,Korean,N,Average,420573,63944,315232,14644,1630,10976,Y,3,-79.43707,43.67958,3
4097,PARKA FOOD CO,1-5 years,N,"Lease, want to purchase",61,16,24,73,7,82,Y,Y,Y,N,Italian,N,Average,341873,25699,292019,12881,4140,11002,Y,5,-79.39818,43.6486,5
4116,PAUL'S SPAGHETTI,Over 20 years,N,Lease,35,2,13,157,39,56,N,Y,Y,N,Mediterranean,N,Low-end,137241,34961,101207,4971,1421,3666,Y,4,-79.33367,43.69311,4
4120,PBN BAR&GRILL,Under 1 year,N,Lease,11,17,63,120,42,44,Y,Y,Y,Y,Mediterranean,Y,High-end,597175,165054,319005,24138,4435,12894,Y,1,-79.302,43.66941,1
4130,PENALTY BOX BAR & GRILL,1-5 years,N,Lease,40,2,68,143,22,60,Y,Y,Y,N,American,Y,Average,448384,47844,284435,13143,5417,8337,Y,3,-79.47585,43.74459,3
4148,PHEASANT AND FIRKIN,1-5 years,Y,Own,59,13,9,115,51,74,Y,Y,Y,N,Thai,N,Average,383967,16548,358538,14712,2695,13737,Y,1,-79.41956,43.73524,1
4149,PHEBE'S ZEE GRILL,Under 1 year,Y,Own,9,18,48,152,37,82,Y,Y,Y,N,Thai,Y,Low-end,174286,1844,145132,5709,781,4754,Y,3,-79.38855,43.70492,3
4150,PHIL'S CAFETERIA,11-20 years,N,Lease,55,9,39,80,59,76,Y,N,Y,N,Thai,N,Average,236129,84956,324714,8187,877,11259,Y,1,-79.48945,43.76357,1
4151,PHILTHY PHILLY'S CHEESESTEAK& POUTINERIE,1-5 years,N,Own,8,14,7,147,55,74,Y,N,Y,Y,Indian,N,Average,339269,67400,145434,12687,659,5438,Y,1,-79.32191,43.77421,1
4194,PHO SAIGON ST,1-5 years,Y,Lease,66,8,67,167,42,46,N,Y,N,N,Indian,Y,Low-end,189022,4234,149414,7044,4234,5567,Y,5,-79.44801,43.7916,5
4225,PIANO PIANO,1-5 years,N,Own,60,11,13,158,38,87,Y,Y,Y,N,Thai,Y,Low-end,226799,27294,107630,9561,1620,4537,Y,5,-79.38835,43.70451,5
4226,PIASSA INJERA & SPICES,1-5 years,N,Own,46,3,54,127,13,85,Y,N,Y,N,Thai,Y,Low-end,274017,38935,123315,7980,1036,3591,Y,5,-79.372559999999993,43.65823,5
4235,PICKLE BARREL,Over 20 years,N,Own,39,12,9,138,66,42,Y,N,Y,N,Others,N,Low-end,252773,105085,138609,9875,2738,5415,Y,4,-79.39908,43.70716,4
4240,PIEDMONT COFFEE BAR,1-5 years,Y,Own,44,14,41,99,4,58,Y,N,Y,N,Japanese,N,Average,520022,66299,153021,18419,7068,5420,Y,2,-79.38289,43.66847,2
4275,PIZZA DEPOT,6-10 years,N,Lease,16,19,24,87,7,94,N,N,Y,N,Vietnamese,Y,Average,357821,109413,258986,11614,2385,8406,Y,5,-79.58969,43.74264,5
4276,PIZZA E PAZZI,Over 20 years,N,Own,38,11,10,166,17,44,Y,Y,N,N,Chinese,N,High-end,505793,104645,480930,16877,7872,16048,Y,5,-79.44389,43.67802,5
4288,PIZZA HUT,6-10 years,Y,Lease,32,18,16,89,54,50,Y,N,Y,N,Indian,Y,Low-end,159194,78534,159113,6099,1775,6095,Y,5,-79.5388,43.61795,5
4293,PIZZA HUT,1-5 years,N,Lease,28,8,10,105,42,77,Y,N,Y,N,Korean,Y,High-end,716992,12244,419130,23827,5202,13928,Y,4,-79.31241,43.7571,4
4307,PIZZA NOVA,1-5 years,N,Lease,57,13,59,154,32,88,Y,Y,Y,Y,Vietnamese,N,Average,349752,62983,265175,10561,2383,8007,Y,2,-79.39267,43.64304,2
4332,PIZZA PIZZA,11-20 years,Y,Own,52,8,66,73,63,92,Y,Y,N,N,Japanese,N,High-end,492246,73003,210559,11679,931,4995,Y,5,-79.39647,43.69881,5
4365,PIZZA PIZZA,1-5 years,N,"Lease, want to purchase",63,2,21,160,22,95,Y,Y,Y,N,Korean,N,Low-end,193528,1881,190974,3969,419,3917,Y,4,-79.35889,43.67597,4
4389,PIZZA PIZZA,1-5 years,N,Lease,53,7,45,102,38,40,Y,Y,Y,N,Mediterranean,Y,Average,420038,103924,198243,10040,1555,4738,Y,5,-79.54874,43.64865,5
4399,PIZZA PIZZA,1-5 years,N,Lease,11,16,13,74,36,46,N,Y,Y,Y,Vietnamese,N,Low-end,180377,30772,208299,3976,844,4591,Y,2,-79.58875,43.73319,2
4400,PIZZA PIZZA #96,Under 1 year,N,Own,20,3,55,94,34,71,Y,Y,N,N,American,N,Average,208915,35722,213304,8086,990,8256,Y,1,-79.42374,43.64331,1
4403,PIZZA SHAB,Under 1 year,N,Lease,64,1,61,98,16,63,Y,Y,Y,N,Vietnamese,N,Low-end,275058,46288,112157,10549,659,4301,Y,5,-79.37836,43.65721,5
4419,PIZZAIOLO,6-10 years,Y,Own,56,17,30,98,10,58,Y,N,Y,N,Vietnamese,N,Average,210601,97296,277445,7628,1579,10050,Y,1,-79.39016,43.64786,1
4434,PIZZAVILLE,1-5 years,Y,Lease,23,13,55,92,26,43,Y,Y,Y,N,Vietnamese,N,Average,396375,221889,247912,17821,2715,11146,Y,5,-79.31311,43.74181,5
4454,PLANET BOWL - ORBIT CAFE,1-5 years,N,Lease,8,8,68,103,35,89,Y,Y,Y,N,Vietnamese,Y,Average,480227,8143,292726,17517,3780,10677,Y,5,-79.60354,43.65004,5
4474,POLITEIA,6-10 years,N,Lease,30,14,53,109,48,86,Y,Y,Y,N,Mediterranean,Y,High-end,770984,413526,415311,18940,289,10202,Y,1,-79.34748,43.68645,1
4479,POOP CAFE,6-10 years,N,Lease,31,19,49,114,46,44,Y,Y,Y,N,Mediterranean,Y,High-end,436982,21650,399855,19297,6930,17658,Y,2,-79.41765,43.66384,2
4486,POPEYE'S,1-5 years,N,Lease,15,15,3,142,1,50,Y,N,Y,N,American,Y,Low-end,126144,2808,99932,4407,1980,3491,Y,5,-79.23503,43.77629,5
4488,POPEYE'S,1-5 years,N,Own,40,6,47,110,43,49,Y,N,Y,N,Greek,Y,Low-end,133993,35793,227522,3127,1361,5310,Y,4,-79.21758,43.73792,4
4497,POPEYE'S LOUISIANA KITCHEN,1-5 years,N,Lease,36,1,69,85,33,51,Y,Y,N,N,Chinese,Y,Low-end,190119,44086,103080,4539,1631,2461,Y,5,-79.43461,43.73848,5
4498,POPEYE'S LOUISIANA KITCHEN,11-20 years,N,Lease,42,4,18,155,2,94,Y,Y,N,N,Italian,N,Low-end,272496,108184,100510,11095,1427,4092,Y,1,-79.39718,43.64882,1
4499,POPEYE'S LOUISIANA KITCHEN,Over 20 years,N,Lease,59,16,11,71,41,97,N,Y,Y,N,Japanese,Y,Average,377685,100483,263994,8941,2430,6250,Y,3,-79.41037,43.66517,3
4503,POPEYE'S RESTAURANT,Over 20 years,N,Lease,19,16,69,122,52,55,N,N,Y,N,Mexican,Y,Low-end,124795,22143,115152,4000,1306,3691,Y,4,-79.31241,43.7571,4
4505,POPEYES,1-5 years,N,Lease,6,12,43,100,69,74,Y,Y,Y,N,Mediterranean,N,Low-end,258255,40491,127450,10865,2858,5361,Y,3,-79.3393,43.66943,3
4535,PORT LIGHT,6-10 years,N,Lease,53,3,31,99,46,69,Y,N,N,N,Indian,N,Low-end,219434,116320,84234,7623,13,2926,Y,5,-79.42808,43.66145,5
4538,PORTICO RESTAURANT,11-20 years,N,"Lease, want to purchase",37,15,25,117,14,77,Y,Y,Y,N,Thai,N,Low-end,195934,52281,136020,6594,273,4577,Y,5,-79.37811,43.6518,5
4546,PRAVDA VODKA BAR,6-10 years,Y,Own,31,9,36,156,1,48,Y,N,N,N,Indian,Y,Average,253341,96988,296275,9162,2311,10715,Y,5,-79.37474,43.64853,5
4554,PRICILLA'S PLACE,11-20 years,N,Own,30,11,33,106,10,70,Y,N,Y,N,Korean,N,High-end,432840,101819,480181,17539,1135,19457,Y,4,-79.28034,43.76156,4
4555,PRIME COFFEE HOUSE,1-5 years,N,Lease,41,5,13,97,24,83,Y,N,Y,N,Vietnamese,N,Low-end,222715,1106,151420,4675,1106,3178,Y,3,-79.57466,43.70315,3
4567,PUCK N WINGS,11-20 years,Y,Own,40,12,38,102,29,90,Y,N,Y,Y,Korean,Y,Average,267458,43602,116669,7789,208,3398,Y,1,-79.41539,43.78054,1
4639,QING SHU MALATANG,Over 20 years,N,Own,24,8,34,118,30,57,Y,Y,Y,Y,Mexican,Y,High-end,523906,73358,277110,14371,7167,7601,Y,3,-79.30047,43.82494,3
4659,QUESADA MEXICAN GRILL,1-5 years,N,Own,5,2,45,151,52,73,Y,Y,Y,N,American,Y,Low-end,183898,43873,194701,4920,249,5209,Y,3,-79.37458,43.65001,3
4660,QUETZAL,Over 20 years,Y,"Lease, want to purchase",59,15,29,132,22,44,N,N,Y,N,Italian,N,Average,418200,128868,201085,11900,2874,5722,Y,2,-79.40689,43.6565,2
4663,QUISQUEYA LA BELLA,Under 1 year,N,Own,11,19,38,117,25,77,Y,N,N,N,Mexican,N,Average,317276,126253,183690,12309,1697,7126,Y,5,-79.48988,43.76485,5
4667,Qing Feng Bun,Under 1 year,Y,Own,6,6,59,140,8,77,Y,Y,N,N,Korean,N,Low-end,167157,35531,66556,6359,537,2532,Y,3,-79.28862,43.80531,3
4676,RAHIER,1-5 years,Y,Lease,64,10,7,131,7,59,Y,Y,Y,N,Vietnamese,Y,High-end,473210,121230,497739,20553,10020,21618,Y,3,-79.3755,43.70573,3
4685,RALLY RESTAURANT AND BAR,Under 1 year,N,Lease,56,1,49,140,2,97,Y,Y,Y,Y,Greek,N,Average,409719,75527,412340,12853,614,12935,Y,5,-79.41268,43.76483,5
4689,RAMEN ISSHIN,Under 1 year,N,Own,59,13,22,129,13,93,Y,Y,Y,N,Mexican,N,Low-end,162896,33292,125198,6220,474,4781,Y,4,-79.40704,43.6566,4
4698,RAPIDO,1-5 years,N,Own,14,9,57,154,16,46,Y,N,Y,N,Mexican,N,Low-end,143882,12989,164425,3149,1696,3599,Y,1,-79.41423,43.67286,1
4704,RAVI SOUPS,11-20 years,Y,Own,54,1,46,103,11,52,Y,N,Y,Y,Chinese,N,Average,250633,39489,231487,10067,1278,9298,Y,1,-79.42382,43.64319,1
4720,RED LANTERN PUB,Under 1 year,N,Lease,52,8,24,76,30,42,Y,N,Y,Y,Greek,N,Low-end,243686,53541,124585,9622,3751,4919,Y,1,-79.38935,43.6978,1
4723,RED LOBSTER,1-5 years,N,Lease,49,3,23,106,28,87,Y,N,Y,N,Japanese,N,Average,362225,157386,201729,12594,500,7014,Y,5,-79.3816,43.65637,5
4725,RED LOUNGE,Under 1 year,N,Lease,6,19,30,109,22,76,Y,N,Y,Y,Indian,N,Low-end,219502,19463,160462,8040,2193,5877,Y,1,-79.39996,43.65707,1
4734,REGINA PIZZERIA & TRATTORIA,1-5 years,Y,Lease,49,6,16,161,4,62,Y,Y,Y,N,Others,N,Low-end,243091,26325,154179,6289,789,3988,Y,5,-79.42085,43.65479,5
4735,REGINA'S KITCHEN,1-5 years,N,Own,37,1,20,167,40,79,Y,N,N,N,Japanese,Y,Low-end,219821,66231,159731,9808,1787,7127,Y,3,-79.45244,43.75285,3
4737,REGULARS,1-5 years,N,Lease,29,1,51,150,29,69,N,N,Y,N,Others,Y,Average,517942,192991,267169,10534,4372,5434,Y,2,-79.40257,43.64392,2
4739,RELIABLE HALIBUT AND CHIPS,11-20 years,Y,"Lease, want to purchase",17,8,14,165,61,57,Y,N,Y,N,Others,N,Average,209756,8832,293887,8238,306,11543,Y,5,-79.34101,43.66105,5
4746,RENFORTH FISH & CHIPS,1-5 years,Y,Lease,58,4,49,154,13,48,Y,Y,N,N,Chinese,Y,Low-end,263653,69081,175515,6645,3755,4423,Y,3,-79.58013,43.65046,3
4790,RIZ NORTH ASIAN CUISINE,6-10 years,Y,Lease,61,16,36,121,14,40,N,Y,Y,N,Vietnamese,N,Average,400285,56330,113918,14835,8622,4222,Y,4,-79.40345,43.73083,4
4791,RIZ RESTAURANT,1-5 years,N,Lease,5,8,32,89,45,71,Y,Y,Y,N,Vietnamese,Y,Average,183738,29704,260729,5250,1694,7450,Y,4,-79.42848,43.68137,4
4796,ROBOT BOIL HOUSE,6-10 years,N,"Lease, want to purchase",26,5,58,87,35,46,Y,N,Y,N,Mexican,N,Average,412242,105533,277706,18140,3501,12220,Y,5,-79.38823,43.67472,5
4797,ROCCO'S PIZZA & PASTA,1-5 years,N,Own,55,8,13,87,20,40,Y,Y,Y,N,Greek,N,Low-end,214305,58846,124230,4292,1873,2488,Y,4,-79.51407,43.624,4
4817,RONTO'S,Over 20 years,N,"Lease, want to purchase",61,6,16,112,57,82,Y,N,Y,N,Chinese,Y,Low-end,135815,60425,214080,4879,376,7692,Y,1,-79.42054,43.65507,1
4821,ROSA BRANCA CAFE,6-10 years,Y,Own,8,4,42,130,43,89,Y,Y,Y,N,Mexican,N,High-end,691689,261273,343195,26863,1452,13328,Y,5,-79.422,43.65455,5
4834,ROTI KING,1-5 years,N,"Lease, want to purchase",36,5,34,80,28,91,N,N,Y,N,Others,N,Low-end,230141,54349,98200,9716,5300,4146,Y,4,-79.4459,43.6969,4
4854,ROYAL YORK/FAIRMONT GOLD LOUNGE,1-5 years,N,Lease,56,10,9,79,58,72,Y,Y,Y,N,Indian,N,Average,515640,36091,283935,13759,6043,7576,Y,1,-79.38243,43.6456,1
4869,RUSTIC BAKERY LTD,1-5 years,N,Lease,22,14,15,106,9,41,Y,Y,Y,N,Mediterranean,Y,Average,511805,197332,234452,18199,534,8337,Y,5,-79.49041,43.71555,5
4874,RUTH'S CHRIS STEAK HOUSE,11-20 years,N,"Lease, want to purchase",62,8,38,124,46,71,N,N,Y,N,American,N,High-end,632709,294710,558713,22548,10759,19911,Y,3,-79.38558,43.65004,3
4877,RYAN RESTAURANT,11-20 years,N,Lease,31,7,24,126,11,74,Y,Y,Y,N,Korean,Y,Low-end,209061,10566,146402,4292,234,3005,Y,3,-79.36413,43.65598,3
4886,Rise & Dine Eatery,1-5 years,N,Lease,42,12,43,109,11,93,Y,Y,Y,N,American,Y,Average,390444,72614,237485,8248,3415,5017,Y,5,-79.31148,43.70587,5
4900,SABORES TRADICIONAIS,11-20 years,N,Lease,62,2,55,137,53,43,Y,N,Y,Y,Others,Y,Low-end,204895,34181,120944,8871,1215,5236,Y,5,-79.4585,43.67478,5
4905,SAIGON BISTRO,11-20 years,Y,Lease,18,6,24,165,0,46,Y,N,N,N,Japanese,N,Low-end,227552,70450,137567,5681,2249,3434,Y,5,-79.42107,43.63968,5
4908,SAIGON LOTUS,6-10 years,N,Lease,34,9,18,73,28,41,Y,Y,Y,N,Mediterranean,N,Average,478994,69976,124729,10989,1390,2861,Y,5,-79.399,43.65432,5
4923,SALON,6-10 years,Y,Lease,69,6,65,97,0,54,Y,N,N,Y,Mediterranean,Y,Low-end,251642,91127,84548,8315,2553,2793,Y,3,-79.39369,43.67014,3
4932,SAMMY'S CAFE,Under 1 year,N,"Lease, want to purchase",56,9,53,93,7,61,Y,Y,Y,Y,Mexican,N,Low-end,210845,39346,99015,8540,3657,4010,Y,5,-79.38992,43.66924,5
4936,SAN COFFEE ROOM,1-5 years,Y,Own,28,1,53,77,51,94,Y,Y,Y,N,Japanese,Y,Low-end,205213,61625,114107,7195,2022,4000,Y,4,-79.42006,43.64751,4
4943,SANG-JI FRIED BAO,Over 20 years,N,Own,51,2,56,160,35,41,Y,Y,Y,Y,Mexican,N,Average,492317,86769,252810,10783,2825,5537,Y,5,-79.40318,43.77914,5
4946,SANKOFA LOUNGE,11-20 years,Y,"Lease, want to purchase",58,15,46,86,4,72,N,N,N,N,Greek,N,High-end,626226,225860,285405,26043,6698,11869,Y,4,-79.44478,43.69666,4
4960,SARAVANAA BHAVAN,11-20 years,Y,Own,21,16,32,134,56,77,Y,Y,N,N,Chinese,N,Average,249349,96519,340553,6459,934,8822,Y,4,-79.26932,43.80923,4
4962,SASHIMI ISLAND,Under 1 year,N,Lease,28,1,35,80,36,48,Y,N,N,Y,Japanese,Y,Low-end,156693,59766,137507,4006,319,3516,Y,1,-79.41509,43.65488,1
4995,SCRUFFY MURPHY'S IRISH PUB,Over 20 years,N,Lease,43,1,14,135,60,57,Y,Y,Y,N,Greek,Y,Low-end,190060,119624,191969,7760,3187,7838,Y,4,-79.55247,43.63163,4
4999,SEASPRAY,6-10 years,N,"Lease, want to purchase",53,2,11,76,43,70,N,N,Y,Y,Mexican,N,High-end,482522,71116,367621,20827,2002,15868,Y,5,-79.29822,43.67864,5
5026,SECOND CUP,Under 1 year,N,Lease,54,2,39,91,25,59,Y,N,N,Y,Indian,N,Average,396344,173199,313654,16782,3721,13281,Y,4,-79.40032,43.71464,4
5038,SELECT SANDWICH,Over 20 years,Y,Lease,53,2,20,84,54,43,Y,Y,Y,N,Chinese,Y,Low-end,212170,54954,221032,8169,1929,8510,Y,3,-79.41605,43.78332,3
5043,SEOR AK SAN KOREAN RESTAURANT,1-5 years,N,Own,17,12,57,84,47,95,Y,Y,Y,N,Vietnamese,N,Low-end,250164,15380,115575,9968,457,4605,Y,1,-79.39864,43.65507,1
5063,SHARETEA,Over 20 years,N,Lease,61,12,40,123,32,91,Y,Y,Y,N,Japanese,N,Average,509099,99743,254389,15855,1768,7922,Y,4,-79.37965,43.64013,4
5078,SHAWARMA'S KING,1-5 years,N,"Lease, want to purchase",23,15,36,102,31,88,Y,Y,Y,N,Italian,Y,High-end,646734,316161,234564,13675,7569,4959,Y,3,-79.37564,43.65335,3
5088,SHIRIN KEBAB,6-10 years,Y,"Lease, want to purchase",16,16,30,72,42,83,N,Y,N,N,Greek,Y,Low-end,214340,23279,120930,7822,3284,4413,Y,1,-79.29949,43.72553,1
5096,SHOELESS JOE'S,6-10 years,N,Own,40,7,10,93,32,88,N,N,Y,Y,Mediterranean,N,Average,259454,80618,233153,5680,719,5104,Y,3,-79.18571,43.76888,3
5097,SHOELESS JOE'S SPORTS GRILL,Over 20 years,N,Lease,42,19,17,134,34,47,N,N,Y,Y,Indian,Y,Low-end,190913,97575,157266,7502,2285,6180,Y,5,-79.45584,43.71838,5
5102,SHOOTERS SNOOKER AND SPORTS CLUB,1-5 years,N,Lease,34,6,42,106,27,51,Y,Y,Y,N,Italian,Y,High-end,787370,310304,252777,34979,3898,11229,Y,1,-79.31311,43.74181,1
5113,SI LOM THAI BISTRO,1-5 years,Y,Lease,8,5,45,126,16,41,Y,Y,Y,N,Mexican,N,Average,410415,130063,124899,16954,6766,5159,Y,2,-79.38086,43.66504,2
5135,SIMPLE FRESH,6-10 years,Y,Own,60,16,65,167,27,72,Y,Y,Y,N,Mexican,N,Low-end,201479,56172,109226,4660,2347,2526,Y,5,-79.34562,43.67902,5
5141,SIP WINE BAR,Under 1 year,N,Own,8,9,41,76,32,41,Y,Y,Y,N,Japanese,Y,Low-end,142294,33225,66645,6375,1573,2986,Y,4,-79.39854,43.70982,4
5155,SLAM GRILL RESTAURANT,6-10 years,N,Lease,33,18,2,156,30,87,Y,Y,Y,N,Korean,Y,Low-end,175833,59226,126917,7473,491,5394,Y,2,-79.48773,43.75409,2
5166,SMOKE'S POUTINE,11-20 years,N,Own,59,1,62,140,50,50,Y,N,Y,Y,American,Y,Low-end,125178,48998,177529,5057,267,7172,Y,5,-79.39986,43.65832,5
5192,SONGTSEN GAMPO CAFE,6-10 years,Y,Own,48,8,69,126,54,83,Y,Y,N,N,Italian,N,High-end,762926,320393,456562,27743,1877,16602,Y,2,-79.43826,43.64045,2
5199,SORENTO RESTAURANT,6-10 years,Y,Lease,12,14,40,137,12,71,Y,Y,N,N,Japanese,N,High-end,511523,101930,437338,19052,5807,16289,Y,5,-79.34211,43.72691,5
5211,SOUL CAFE,Over 20 years,N,Lease,21,10,37,93,18,97,N,N,Y,N,American,N,Average,510006,197670,166709,16786,2996,5487,Y,2,-79.41035,43.7644,2
5212,SOULA'S,1-5 years,Y,Own,61,5,30,158,63,41,Y,N,Y,Y,Japanese,Y,High-end,783644,93542,434934,18010,6009,9996,Y,2,-79.34889,43.67835,2
5231,SOUTH ST. BURGERS CO. NEW YORK FRIES,11-20 years,N,Own,45,8,45,102,62,55,Y,Y,Y,N,Others,Y,Low-end,123314,36297,108607,4124,1075,3632,Y,4,-79.36287,43.7103,4
5235,SOUVLAKI HUT,6-10 years,N,Own,60,7,58,100,42,40,Y,Y,N,N,Mediterranean,Y,Low-end,171208,14418,153711,3450,2057,3097,Y,4,-79.29598,43.67116,4
5242,SPICE & AROMA,Under 1 year,Y,Lease,57,3,23,142,23,66,Y,Y,N,Y,Mediterranean,N,Low-end,138707,35489,207057,2860,708,4270,Y,5,-79.33138,43.80429,5
5261,SPRING ROLLS,11-20 years,Y,"Lease, want to purchase",16,17,14,103,41,85,Y,N,Y,N,Indian,Y,High-end,413328,195816,299510,10748,3124,7788,Y,5,-79.38182,43.65627,5
5277,ST. LOUIS BAR & GRILL,1-5 years,N,Own,15,6,58,74,24,53,Y,Y,N,N,Korean,Y,Average,215907,22518,94771,4375,483,1920,Y,2,-79.34706,43.67827,2
5302,STARBUCKS,Over 20 years,N,Lease,34,3,6,125,3,41,Y,Y,N,Y,Greek,Y,High-end,768074,340439,327759,19974,10940,8523,Y,4,-79.30789,43.66851,4
5303,STARBUCKS,6-10 years,Y,Lease,50,9,21,149,43,46,Y,Y,Y,N,Greek,N,Average,253790,43576,369665,10988,1487,16006,Y,2,-79.1849,43.77012,2
5314,STARBUCKS,1-5 years,Y,"Lease, want to purchase",10,13,13,126,12,97,Y,Y,N,N,Korean,Y,Average,377918,185603,193756,7796,3909,3997,Y,5,-79.39261,43.64753,5
5319,STARBUCKS,1-5 years,N,Own,36,2,53,135,1,58,Y,Y,Y,N,Indian,Y,High-end,494003,118489,448446,21535,2637,19549,Y,1,-79.38955,43.65946,1
5326,STARBUCKS,11-20 years,N,Own,23,2,58,72,69,52,N,N,N,Y,Indian,N,Average,501168,79812,145322,17092,658,4956,Y,2,-79.30218,43.66974,2
5341,STARBUCKS,11-20 years,N,Lease,53,17,12,140,46,89,Y,Y,Y,N,Japanese,N,Low-end,263171,92564,126175,6752,1710,3237,Y,4,-79.38944,43.64406,4
5348,STARBUCKS COFFEE,1-5 years,N,Lease,51,8,44,136,9,81,N,N,Y,N,Mexican,N,High-end,527439,57188,322068,14394,2519,8789,Y,3,-79.41189,43.70416,3
5359,STARBUCKS COFFEE,1-5 years,N,Lease,67,13,6,105,49,47,Y,Y,N,N,Greek,Y,Average,522482,48870,246233,12482,4720,5882,Y,5,-79.4515,43.65355,5
5371,STARBUCKS COFFEE,1-5 years,N,Lease,15,1,1,152,57,69,Y,Y,Y,N,Mexican,N,High-end,529121,182461,553939,23363,4217,24459,Y,1,-79.43297,43.73409,1
5445,SUBMARINE,6-10 years,N,"Lease, want to purchase",60,14,65,154,59,42,Y,Y,Y,N,Japanese,N,Average,383490,216483,300098,7933,2409,6208,Y,1,-79.3512,43.66265,1
5452,SUBWAY,6-10 years,Y,Lease,40,11,43,159,52,86,Y,N,Y,N,Italian,Y,High-end,700819,84683,410001,26482,8467,15492,Y,3,-79.45931,43.65483,3
5455,SUBWAY,1-5 years,Y,"Lease, want to purchase",59,15,6,72,33,77,N,N,N,N,Indian,N,Average,190390,66297,196886,3963,646,4098,Y,4,-79.39332,43.64274,4
5459,SUBWAY,6-10 years,N,Lease,18,9,42,98,63,94,Y,Y,Y,N,Mediterranean,Y,Average,430346,94342,163837,14964,5275,5697,Y,5,-79.27169,43.76752,5
5460,SUBWAY,Under 1 year,N,Own,34,8,56,163,27,88,Y,Y,Y,Y,Mexican,Y,High-end,549064,41278,323688,20778,7003,12249,Y,3,-79.22413,43.75947,3
5463,SUBWAY,6-10 years,Y,Lease,68,2,39,81,61,47,Y,N,Y,N,Mexican,Y,Low-end,264355,81108,76077,7679,3086,2210,Y,5,-79.27546,43.74892,5
5483,SUBWAY,Under 1 year,N,Lease,22,15,51,116,6,87,N,N,Y,N,Greek,N,Low-end,193445,40441,157294,6707,2897,5453,Y,5,-79.42674,43.63905,5
5529,SUBWAY,6-10 years,Y,Lease,42,2,8,149,64,93,Y,Y,Y,Y,Greek,N,Average,285479,27898,224686,9759,2290,7680,Y,5,-79.199,43.75806,5
5541,SUBWAY,1-5 years,Y,Lease,46,6,58,135,64,72,Y,N,Y,N,Japanese,N,Low-end,151458,17742,125994,6385,1775,5311,Y,4,-79.56485,43.6839,4
5549,SUBWAY,11-20 years,Y,Lease,55,18,25,112,2,89,Y,Y,N,Y,Chinese,Y,High-end,561060,65183,469204,23051,613,19277,Y,4,-79.4487,43.69583,4
5561,SUBWAY,Over 20 years,Y,Own,45,10,4,113,50,79,Y,N,N,N,Others,N,Low-end,240674,43876,114785,8810,3408,4202,Y,4,-79.38538,43.66064,4
5563,SUBWAY,11-20 years,N,Lease,5,15,5,130,35,79,N,Y,Y,N,Mexican,N,Low-end,164062,53481,122966,3928,86,2944,Y,5,-79.39224,43.63786,5
5579,SUBWAY,11-20 years,Y,Lease,33,5,55,106,50,40,Y,N,Y,N,Japanese,N,Average,219563,112693,270052,5123,352,6301,Y,4,-79.52202,43.64479,4
5587,SUBWAY,1-5 years,N,"Lease, want to purchase",69,16,34,125,17,89,Y,N,Y,Y,Korean,N,Average,207159,37950,164390,8237,17,6536,Y,1,-79.50239,43.77005,1
5588,SUBWAY,11-20 years,Y,Lease,44,6,41,104,13,64,Y,Y,Y,N,Greek,N,High-end,511601,280765,364256,22242,13277,15836,Y,5,-79.55463,43.71596,5
5592,SUBWAY,Under 1 year,N,"Lease, want to purchase",15,16,28,140,4,94,Y,N,Y,N,Chinese,N,Average,343734,46766,333112,11039,677,10698,Y,3,-79.41313,43.77146,3
5597,SUBWAY SANDWICHES,Over 20 years,Y,Lease,33,10,28,129,36,84,Y,N,Y,N,Vietnamese,N,Average,379099,122560,358782,8052,3471,7621,Y,3,-79.34781,43.7947,3
5627,SUKHOTHAI,11-20 years,N,Own,6,4,48,145,61,45,Y,Y,Y,N,Korean,Y,Average,356366,80934,290798,7799,3095,6364,Y,5,-79.37457,43.64856,5
5634,SUMAQ,1-5 years,N,Own,65,4,48,150,46,59,Y,N,Y,Y,Vietnamese,Y,Average,298404,128325,321721,6014,372,6484,Y,5,-79.29778,43.7442,5
5648,SUNRISE BAR AND GRILL,11-20 years,N,Own,60,2,67,108,22,56,Y,Y,N,N,Japanese,N,Low-end,137648,44701,124950,3314,330,3008,Y,5,-79.30107,43.71995,5
5681,SUPERTECH,1-5 years,Y,Lease,20,18,54,83,26,93,N,Y,Y,Y,American,N,High-end,639939,227901,632116,21264,5968,21004,Y,3,-79.41557,43.7813,3
5682,SUQ MEDITERRANEAN KITCHEN,1-5 years,Y,Own,50,13,19,146,15,72,N,N,N,N,Italian,N,Low-end,190921,22006,107977,7943,5037,4492,Y,3,-79.47234,43.76643,3
5691,SUSHI BAR,Under 1 year,Y,Own,63,14,23,75,22,72,Y,N,Y,N,Greek,Y,Average,246487,60200,203616,5322,202,4396,Y,2,-79.35268,43.66493,2
5705,SUSHI MASAKI SAITO,1-5 years,Y,Lease,67,9,57,90,2,76,Y,Y,Y,N,Korean,N,Average,300516,133407,146850,7116,1461,3477,Y,5,-79.39591,43.67225,5
5707,SUSHI MORI,Under 1 year,Y,Lease,33,9,42,158,57,43,Y,Y,Y,N,Vietnamese,N,Average,493655,162248,141091,16394,2581,4685,Y,1,-79.39743,43.70721,1
5717,SUSHI SHOP,Over 20 years,N,Lease,55,14,10,108,23,79,N,Y,Y,N,Greek,N,Average,319897,47755,163493,8262,4213,4222,Y,1,-79.38253,43.67066,1
5726,SUSHI TIME,1-5 years,Y,"Lease, want to purchase",62,13,16,113,45,94,Y,N,Y,N,Indian,Y,Low-end,227522,12513,158730,8310,1689,5797,Y,5,-79.39175,43.64971,5
5735,SWAY BAR,6-10 years,N,Own,20,18,36,114,22,51,N,N,Y,N,Mexican,Y,Low-end,162518,42534,195644,5883,261,7082,Y,5,-79.44959,43.67628,5
5769,SWISS CHALET ROTISSERIE & GRILL,1-5 years,N,"Lease, want to purchase",33,5,46,152,32,65,Y,Y,Y,N,Mexican,N,Average,443151,90070,199233,15564,1488,6997,Y,5,-79.39302,43.79161,5
5771,SWISS CHALET/HARVEY'S,1-5 years,N,Own,41,16,54,94,8,55,Y,N,Y,N,American,Y,Low-end,136782,4976,118393,4563,729,3950,Y,5,-79.38626,43.63906,5
5787,Shot House Bar/Grill,11-20 years,N,"Lease, want to purchase",33,13,42,112,42,92,Y,Y,N,N,Vietnamese,N,High-end,760520,190119,458169,31266,2583,18836,Y,5,-79.28133,43.76642,5
5788,Sichuan King Fu Fish,11-20 years,Y,Lease,12,8,64,105,21,50,Y,Y,Y,N,Chinese,N,Average,411806,13577,297719,18144,190,13117,Y,4,-79.28682,43.80374,4
5818,Subway,1-5 years,Y,Own,14,5,17,94,12,82,Y,N,Y,Y,Others,N,High-end,539965,79478,365503,15228,1809,10308,Y,3,-79.26932,43.80923,3
5822,SumiLicious Smoked Meat and Deli,1-5 years,N,Own,55,6,17,102,32,44,N,N,Y,N,Greek,N,Low-end,145481,17325,94890,4722,1865,3080,Y,5,-79.26732,43.83251,5
5833,Swan Dive,1-5 years,N,Lease,47,14,25,119,50,49,Y,N,Y,N,Korean,Y,Low-end,122862,36759,190231,3405,612,5272,Y,4,-79.43609,43.64992,4
5852,TABULE,1-5 years,N,Lease,21,8,1,142,42,41,Y,Y,N,Y,Greek,Y,Low-end,219871,42491,143998,7481,3185,4899,Y,4,-79.38837,43.76923,4
5867,TADKA,6-10 years,N,Lease,58,14,12,104,44,58,Y,N,Y,Y,Greek,Y,High-end,593946,131797,414238,24781,2839,17283,Y,5,-79.49841,43.62743,5
5870,TAGPUAN,1-5 years,N,Own,24,3,44,161,59,56,Y,Y,N,N,Chinese,N,High-end,479896,145736,366366,14432,286,11018,Y,4,-79.30771,43.73608,4
5892,TARA INN RESTAURANT & PUB,Over 20 years,N,Lease,24,16,65,131,22,67,Y,N,Y,N,American,N,Low-end,237757,29529,144766,6099,2031,3713,Y,1,-79.25005,43.7077,1
5901,TASTE SEDUCTION,1-5 years,Y,Lease,69,2,29,151,12,93,Y,Y,Y,N,Korean,N,High-end,478695,129190,497672,15035,6108,15631,Y,4,-79.46465,43.66611,4
5924,TEA SHOP 168,Under 1 year,N,Lease,28,11,8,111,46,51,Y,Y,Y,Y,Indian,N,Average,418092,112697,372051,14076,2713,12526,Y,5,-79.41288,43.77035,5
5939,TERIYAKI EXPERIENCE,11-20 years,Y,Own,23,16,27,143,53,59,Y,Y,Y,N,Mediterranean,Y,Low-end,225119,79308,177629,4772,1586,3766,Y,5,-79.25438,43.78538,5
5944,TERRONI,Under 1 year,N,Lease,66,8,44,119,16,45,N,N,Y,N,Greek,N,Low-end,132421,6752,143532,3013,898,3266,Y,1,-79.37584,43.65083,1
5953,THAI EXPRESS,1-5 years,N,Own,9,3,15,129,56,58,Y,Y,Y,Y,Indian,Y,Low-end,222718,1270,193530,7083,381,6155,Y,5,-79.38555,43.67073,5
5958,THAI EXPRESS,1-5 years,Y,Lease,11,13,67,137,60,65,Y,Y,Y,N,Mexican,N,Average,413329,128356,345452,10360,1022,8659,Y,3,-79.47304,43.78632,3
5961,THAI EXPRESS RESTAURANT,11-20 years,Y,Lease,60,16,57,77,65,54,N,N,N,N,Mexican,Y,Low-end,262856,67408,203443,10156,3114,7861,Y,1,-79.25802,43.77629,1
5969,THAI NOODLE,Over 20 years,Y,"Lease, want to purchase",25,6,22,84,68,51,Y,N,Y,N,Mediterranean,N,Low-end,255198,19697,167273,7696,3179,5044,Y,5,-79.41995,43.68245,5
5974,THAI PRINCESS,Under 1 year,N,Lease,23,6,36,163,51,97,Y,N,Y,N,Japanese,N,Low-end,183855,14946,98319,4820,221,2577,Y,4,-79.39342,43.64566,4
5977,THAI ROOM,6-10 years,N,Own,16,3,2,102,58,79,Y,Y,Y,N,Others,Y,Low-end,273898,115154,102309,9769,3609,3649,Y,2,-79.42259,43.66264,2
5993,THE ABBOTT,Under 1 year,N,Lease,18,15,29,103,27,76,Y,Y,Y,N,Others,Y,Average,250951,98038,346296,6009,1388,8292,Y,5,-79.43072,43.63794,5
6007,THE AVIARY,1-5 years,N,Lease,32,13,47,125,16,48,Y,Y,Y,N,Greek,Y,Low-end,233150,13124,144763,7809,3173,4849,Y,5,-79.35478,43.65366,5
6009,THE BAGEL HOUSE,1-5 years,Y,Lease,15,6,54,118,49,61,Y,N,N,N,American,Y,Average,194855,4056,160773,4268,662,3521,Y,5,-79.41835,43.7283,5
6024,THE BEST KEPT SECRET,Under 1 year,Y,Own,33,16,31,147,39,77,N,Y,Y,N,Thai,N,Average,237892,50088,178922,7598,1104,5714,Y,5,-79.4686,43.70725,5
6041,THE BROADVEW HOTEL/CIVIC,6-10 years,Y,Lease,58,18,30,90,50,93,Y,N,Y,N,Others,Y,Average,423263,156419,362219,13991,676,11973,Y,4,-79.35008,43.65907,4
6042,THE BROCKTON HAUNT,1-5 years,N,Lease,24,2,23,118,12,40,Y,N,Y,N,Others,N,Average,281672,67472,273501,10802,2012,10489,Y,2,-79.43402,43.65245,2
6044,THE BULGING BURGER,Under 1 year,N,Lease,10,3,57,104,48,84,Y,N,Y,N,Thai,N,Low-end,145123,26461,143907,4796,2761,4756,Y,4,-79.28359,43.67321,4
6055,THE BURGER'S PRIEST,1-5 years,Y,Own,22,15,19,162,39,88,Y,Y,Y,N,Chinese,N,High-end,745956,19023,505327,30406,9007,20598,Y,5,-79.34891,43.67796,5
6063,THE CAFE,1-5 years,N,Lease,6,18,19,152,34,56,N,Y,Y,Y,Japanese,N,Low-end,230241,1140,165719,6322,550,4550,Y,1,-79.36964,43.65192,1
6066,THE CANNERY KITCHEN & SOCIAL,Over 20 years,N,Lease,18,11,3,135,9,82,Y,Y,Y,N,Japanese,N,Low-end,266129,70432,75947,9232,2805,2634,Y,5,-79.58375,43.69009,5
6082,THE CHURCHMOUSE & FIRKIN,Under 1 year,N,Lease,23,18,35,146,67,41,N,N,N,Y,Chinese,Y,Low-end,151458,906,171899,6017,906,6829,Y,5,-79.38015,43.66461,5
6088,THE COMMON,1-5 years,N,"Lease, want to purchase",15,18,64,148,18,72,Y,N,N,N,Vietnamese,Y,Average,326229,18504,128942,9883,497,3906,Y,5,-79.43144,43.66093,5
6091,THE COPPER CHIMNEY AUTHENTIC INDIAN ROOM,1-5 years,N,Lease,6,10,24,164,62,90,N,N,Y,Y,Japanese,Y,Average,462839,79666,197653,11792,1573,5035,Y,1,-79.42046,43.73623,1
6133,THE EZONE,Under 1 year,Y,Own,56,4,11,150,66,96,Y,N,Y,N,Greek,Y,Low-end,173189,32102,110490,7754,1241,4947,Y,1,-79.54888,43.62109,1
6150,THE FOX,1-5 years,N,Own,56,14,26,130,27,82,Y,N,Y,N,Others,N,Average,268502,10680,269923,6368,2544,6402,Y,5,-79.37748,43.64216,5
6155,THE FRIENDLY GREEK,6-10 years,N,Lease,46,4,18,81,54,92,Y,N,Y,N,Chinese,Y,Average,288542,59789,207580,8084,4531,5816,Y,4,-79.34908,43.67836,4
6160,THE FRY,1-5 years,Y,Own,17,2,29,96,23,56,Y,Y,Y,Y,Greek,N,Low-end,268577,68286,160956,10990,632,6586,Y,4,-79.41816,43.78892,4
6162,THE FRY,Over 20 years,N,"Lease, want to purchase",13,17,3,124,18,54,N,N,N,N,Greek,Y,Low-end,138922,18964,76814,5011,766,2771,Y,1,-79.38452,43.66426,1
6167,THE GALWAY ARMS LOUNGE BAR,11-20 years,Y,"Lease, want to purchase",63,19,69,122,17,95,Y,Y,Y,N,Mexican,N,High-end,477757,232472,413813,14978,7355,12973,Y,5,-79.50915,43.62505,5
6170,THE GELATO SHOP,11-20 years,N,Own,7,6,51,124,10,93,Y,Y,Y,N,Greek,Y,Low-end,252216,136739,181298,10516,1786,7559,Y,3,-79.39109,43.67102,3
6179,THE GOODMAN PUB & KITCHEN,1-5 years,Y,Lease,47,9,3,98,61,82,Y,Y,Y,Y,Vietnamese,N,Average,404884,138341,386590,13865,6226,13238,Y,5,-79.38089,43.63927,5
6195,THE GRILL COTTAGE,1-5 years,N,Own,55,14,34,78,21,72,Y,Y,Y,N,Korean,Y,Low-end,257505,20741,107958,9748,4677,4087,Y,4,-79.43665,43.64059,4
6223,THE JOHN,Under 1 year,Y,Lease,69,2,41,101,53,60,Y,N,Y,N,Others,Y,High-end,574785,47134,429899,15430,2435,11540,Y,2,-79.4373,43.65975,2
6234,THE KEG STEAKHOUSE,11-20 years,Y,"Lease, want to purchase",42,19,31,99,67,47,Y,Y,Y,N,Mexican,N,High-end,626485,35139,397892,14709,8044,9342,Y,3,-79.38412,43.64924,3
6236,THE KEG STEAKHOUSE & BAR,Under 1 year,Y,Lease,24,9,1,95,44,73,Y,Y,Y,N,Korean,N,Low-end,168257,5456,117659,6353,469,4442,Y,4,-79.23492,43.78264,4
6240,THE LAKEVIEW RESTAURANT,6-10 years,Y,Own,46,5,30,151,62,58,Y,N,Y,N,Mexican,N,Low-end,124555,21792,92303,4071,633,3016,Y,3,-79.42031,43.64941,3
6248,THE LOCKHART,6-10 years,Y,Own,15,4,49,116,51,91,Y,N,Y,N,Mediterranean,N,Average,278333,24367,165403,5862,3633,3484,Y,4,-79.43114,43.64956,4
6251,THE LOUNGE,Under 1 year,N,Lease,54,5,17,162,13,80,Y,Y,Y,N,Greek,Y,Low-end,252743,72859,162125,10944,3711,7020,Y,1,-79.60684,43.72917,1
6256,THE MARKLAND,Under 1 year,Y,Lease,26,14,52,149,68,59,Y,N,Y,Y,Mexican,Y,Low-end,251996,95782,96676,7911,1985,3034,Y,5,-79.57669,43.64168,5
6260,THE MERSEYSIDE,1-5 years,N,Own,67,1,50,164,60,90,Y,N,N,N,Others,N,Low-end,181396,43639,156163,7160,282,6164,Y,2,-79.45327,43.65841,2
6289,THE ORIGINAL BARRIO FIESTA,6-10 years,N,Lease,36,7,31,102,43,47,Y,N,Y,N,Japanese,Y,High-end,795247,178355,539830,17306,157,11748,Y,4,-79.34626,43.70555,4
6298,THE PARLOUR,Under 1 year,Y,Own,6,11,62,146,26,70,N,N,Y,N,Greek,N,High-end,558394,161986,370504,13809,9113,9163,Y,1,-79.40158,43.64444,1
6317,THE PORTUGUESE CHICKEN GUYS,11-20 years,N,"Lease, want to purchase",35,12,49,77,16,83,Y,Y,Y,N,Mediterranean,N,High-end,462112,257789,617508,15728,6521,21017,Y,3,-79.4255,43.65378,3
6326,THE QUEENSHEAD PUB,1-5 years,N,Lease,10,16,67,135,45,56,Y,Y,Y,N,Japanese,N,Average,343301,190817,99002,13361,551,3853,Y,3,-79.32114,43.77298,3
6327,THE RASBERRY CAFE,Over 20 years,Y,Own,16,6,54,76,43,88,Y,Y,N,N,Chinese,Y,Low-end,271234,18946,176269,5844,1547,3798,Y,4,-79.34094,43.66485,4
6374,THE SPROUT VIETNAMESE CUISINE,Under 1 year,Y,Lease,46,12,8,109,38,63,Y,Y,Y,N,Italian,Y,Average,507007,4547,116908,18196,2499,4195,Y,5,-79.39299,43.68812,5
6404,THE WHEAT SHEAF,11-20 years,Y,Own,66,18,39,154,12,43,N,Y,N,N,Others,Y,Low-end,235709,85407,112924,8807,627,4219,Y,5,-79.40282,43.64377,5
6409,THE YELLOW CHILLI,Over 20 years,Y,Lease,22,15,21,142,65,60,N,N,Y,N,Italian,N,Low-end,218620,14752,157647,9139,4387,6590,Y,5,-79.39653,43.70683,5
6411,THINK COFFEE,Under 1 year,Y,Own,51,4,50,104,2,50,Y,Y,Y,N,Italian,N,Average,193849,20848,225465,6717,1166,7813,Y,3,-79.3968,43.70059,3
6417,THOR ESPRESSO BAR & CAFE,11-20 years,Y,Lease,49,2,66,70,3,45,Y,N,Y,N,Vietnamese,Y,High-end,760836,195395,454929,24672,266,14752,Y,1,-79.40175,43.6421,1
6429,TIKA,6-10 years,N,Lease,20,16,61,159,12,47,Y,Y,Y,N,Italian,N,Low-end,151065,67426,176789,3957,1516,4630,Y,5,-79.38598,43.66885,5
6432,TILTED KILT -THE ESPLANDE,Over 20 years,Y,Own,11,16,23,96,49,80,Y,N,N,N,Thai,Y,Average,328209,23752,99643,13112,4801,3980,Y,4,-79.37502,43.64652,4
6443,TIM HORTONS,1-5 years,N,Lease,35,5,59,149,56,55,Y,Y,Y,N,Italian,N,Average,401777,49480,203565,14331,3085,7261,Y,5,-79.53894,43.63837,5
6452,TIM HORTONS,1-5 years,N,Lease,54,16,53,105,3,73,Y,Y,N,N,Vietnamese,N,Low-end,239179,83649,131285,8193,3036,4497,Y,5,-79.49575,43.67716,5
6458,TIM HORTONS,11-20 years,N,"Lease, want to purchase",41,16,1,88,45,77,Y,Y,Y,N,Vietnamese,N,Low-end,248921,54037,183064,10566,4564,7770,Y,4,-79.31897,43.74159,4
6482,TIM HORTONS,11-20 years,N,Own,27,15,25,106,51,69,Y,Y,Y,N,Chinese,Y,Low-end,210966,13750,90910,5687,1676,2450,Y,4,-79.26689,43.83262,4
6493,TIM HORTONS,6-10 years,Y,Lease,37,2,51,141,58,90,Y,Y,Y,N,Korean,Y,Low-end,256199,38206,174237,5793,1749,3939,Y,4,-79.36858,43.66583,4
6494,TIM HORTONS,6-10 years,Y,Own,44,18,24,140,14,80,Y,N,Y,N,Chinese,N,Average,344009,73617,278960,11484,5319,9313,Y,5,-79.46311,43.70215,5
6497,TIM HORTONS,Under 1 year,Y,Own,39,15,1,90,4,68,Y,N,Y,N,Mexican,Y,Average,487351,105369,308138,10367,477,6554,Y,5,-79.56485,43.6839,5
6505,TIM HORTONS,11-20 years,Y,Lease,43,18,42,159,22,49,Y,Y,Y,Y,Italian,Y,Low-end,252285,8565,112810,6904,248,3087,Y,5,-79.31837,43.79855,5
6540,TIM HORTONS,1-5 years,N,Lease,69,12,60,131,11,47,Y,N,Y,N,Others,N,High-end,671341,193329,233484,25175,4730,8755,Y,3,-79.28695,43.8037,3
6565,TIM HORTONS,11-20 years,Y,Lease,11,15,69,95,32,68,N,Y,Y,N,Mexican,N,High-end,789534,389483,525969,29600,10470,19719,Y,3,-79.38558,43.64865,3
6578,TIM HORTONS,11-20 years,Y,Lease,24,14,55,110,47,62,Y,Y,Y,N,Japanese,N,Low-end,173987,22852,82713,5166,3322,2456,Y,5,-79.28979,43.73071,5
6579,TIM HORTONS,6-10 years,N,Lease,6,15,53,114,10,64,Y,Y,Y,N,Chinese,N,Average,290519,80730,194919,9937,2479,6667,Y,3,-79.37021,43.64757,3
6590,TIM HORTONS,1-5 years,N,Lease,65,10,48,165,65,62,Y,Y,Y,N,Mexican,N,Low-end,201271,18509,133410,5414,345,3589,Y,3,-79.54527,43.69631,3
6598,TIM HORTONS,11-20 years,N,Own,30,5,59,74,24,48,N,N,Y,N,Greek,Y,Low-end,255664,29231,91077,11373,6244,4051,Y,1,-79.31004,43.66274,1
6602,TIM HORTONS,1-5 years,N,Lease,56,3,45,78,1,76,Y,Y,N,N,Mexican,N,Average,243156,35645,141548,6376,2242,3712,Y,3,-79.41144,43.76039,3
6617,TIM HORTONS,1-5 years,N,Own,34,16,33,107,43,95,Y,N,Y,N,Thai,Y,Low-end,176134,78257,157648,3800,1035,3401,Y,5,-79.48745,43.76389,5
6626,TIM HORTONS,Over 20 years,N,Own,24,18,40,132,51,81,Y,Y,Y,N,Mexican,N,Low-end,130042,14836,194293,4498,1760,6721,Y,2,-79.51724,43.70072,2
6627,TIM HORTONS,11-20 years,N,Lease,36,7,43,160,46,89,N,N,Y,N,Vietnamese,Y,Average,340767,75039,147498,10507,2452,4547,Y,5,-79.47028,43.73448,5
6654,TIMOTHY'S WORLD COFFEE,1-5 years,N,Own,22,9,20,84,55,71,Y,Y,Y,N,Thai,N,Average,319017,96389,262817,13302,1589,10958,Y,2,-79.38205,43.65376,2
6676,TOKYO SUSHI,1-5 years,N,Lease,41,16,41,138,69,68,Y,N,N,N,Mexican,N,Low-end,190919,69174,134654,7686,2766,5421,Y,5,-79.42944,43.69991,5
6677,TOKYO SUSHI,1-5 years,Y,Own,57,11,54,132,19,43,Y,Y,N,Y,Korean,N,High-end,766553,283525,382097,22893,4307,11411,Y,5,-79.38825,43.67478,5
6681,TONDOU,6-10 years,Y,Own,26,19,49,99,68,52,Y,Y,N,N,Indian,Y,Low-end,126551,31329,134298,4202,465,4460,Y,2,-79.41402,43.6553,2
6724,TRATTORIA MERCATTO,1-5 years,N,Own,24,11,40,154,49,57,Y,N,Y,N,Korean,N,Low-end,150438,37969,88865,3962,626,2340,Y,5,-79.38044,43.6562,5
6745,TUCKER'S MARKETPLACE RESTAURANT,1-5 years,N,Own,69,7,59,160,45,65,Y,N,Y,N,Japanese,Y,Average,176800,33863,181148,6979,2961,7151,Y,4,-79.58509,43.68896,4
6746,TUK TUK CANTEEN,1-5 years,N,"Lease, want to purchase",58,19,38,138,46,48,N,N,Y,N,American,N,Average,453708,66127,162330,14667,4204,5247,Y,5,-79.45081,43.65082,5
6758,TWO BROTHERS SHAWARMA,1-5 years,N,Own,46,17,41,79,41,79,Y,N,N,N,Korean,Y,Low-end,154905,69747,154649,4362,863,4355,Y,5,-79.47542,43.68984,5
6767,Tata Hot Pepper Sauce,Over 20 years,Y,"Lease, want to purchase",40,5,44,138,4,50,Y,N,Y,Y,Others,Y,Low-end,207812,9086,108007,8445,3138,4389,Y,5,-79.30686,43.70635,5
6770,Tea Time Cafe,1-5 years,Y,Lease,15,11,42,88,37,96,N,Y,Y,N,Chinese,N,Average,332540,84445,296868,8608,3341,7684,Y,5,-79.29642,43.74478,5
6787,The Lobster Roll,11-20 years,N,Own,35,5,57,101,34,46,Y,Y,N,N,Japanese,N,Average,373167,133827,224224,12880,2585,7739,Y,5,-79.39994,43.65498,5
6791,The Original San Francesco,1-5 years,N,"Lease, want to purchase",44,2,55,138,65,77,Y,N,Y,Y,Greek,Y,Low-end,215694,131199,129095,6519,2707,3901,Y,1,-79.36112,43.70365,1
6794,The Well Bar Toronto,1-5 years,Y,Lease,56,10,32,132,18,69,Y,Y,Y,N,Mediterranean,N,Low-end,203551,44000,181681,4470,1394,3989,Y,5,-79.38044,43.66507,5
6830,UMI'S KITCHEN,Under 1 year,N,Own,46,17,48,146,32,57,Y,Y,N,N,Mexican,Y,Average,520418,108426,313108,13732,1288,8262,Y,3,-79.36977,43.65886,3
6832,UNCLE MIKEY'S,1-5 years,N,Lease,67,10,42,144,7,50,Y,Y,Y,N,Mexican,N,Average,299932,53688,208841,12573,2458,8755,Y,5,-79.43495,43.64979,5
6840,UNICORN CAFE,Over 20 years,N,Own,37,5,30,86,66,87,Y,N,Y,N,Thai,N,Average,418063,5500,395759,11458,5500,10847,Y,3,-79.41074,43.66511,3
6852,UPPER BEACHES BOURBON HOUSE,1-5 years,Y,Own,21,18,12,94,20,61,Y,Y,Y,N,Chinese,Y,Low-end,207143,71812,119340,6229,2396,3589,Y,3,-79.25076,43.71843,3
6864,UT SUSHI,1-5 years,N,Lease,14,16,63,152,5,90,Y,N,Y,N,Greek,N,Low-end,213687,37390,148891,9266,3384,6456,Y,3,-79.39443,43.6588,3
6883,VEGWOOD,1-5 years,N,Lease,65,1,13,71,32,52,Y,Y,Y,N,Vietnamese,N,Average,295107,24323,393290,11115,2824,14814,Y,4,-79.44103,43.69253,4
6887,VERDI TRATTORIA,1-5 years,Y,Own,11,15,29,166,29,41,Y,N,Y,N,Chinese,N,Low-end,240145,36915,116067,5401,1286,2610,Y,1,-79.37537,43.70545,1
6894,VIA CIBO ITALIAN STREET FOOD,1-5 years,Y,Lease,44,1,53,111,18,82,Y,N,N,N,Japanese,Y,High-end,710623,192539,620511,26002,4920,22705,Y,5,-79.35785,43.75364,5
6902,VICTORIA ALL DAY GRILL,1-5 years,Y,Lease,36,7,14,144,53,65,N,Y,Y,N,Mexican,N,Average,402349,126975,141260,9840,72,3454,Y,4,-79.2605,43.71624,4
6905,VIET THAI KITCHEN,Over 20 years,N,Lease,57,6,25,96,51,88,Y,Y,Y,N,Mediterranean,Y,Low-end,224517,59108,175669,8987,781,7032,Y,1,-79.3021,43.7225,1
6911,VILA VERDE BAR & GRILL,1-5 years,Y,Lease,41,7,34,123,66,92,Y,N,Y,N,Italian,N,Average,368142,108432,309027,13686,2086,11489,Y,5,-79.47196,43.67703,5
6933,VOS RESTAURANTE ARGENTINO,1-5 years,Y,Own,20,5,9,85,63,44,Y,N,Y,N,Greek,Y,Average,513267,26774,107804,15939,4717,3347,Y,5,-79.42317,43.65412,5
6943,W BURGER BAR,Under 1 year,N,Lease,41,7,19,149,31,66,N,Y,Y,N,Mexican,N,Average,520205,140835,203827,16024,2372,6278,Y,5,-79.3837,43.66145,5
6944,WAH SING SEAFOOD RESTAURANT,Under 1 year,N,Lease,29,16,16,74,42,44,N,N,N,N,Italian,Y,Low-end,193221,39422,113211,4086,1827,2394,Y,3,-79.39441,43.65581,3
6955,WATERMARK RESTAURANT - RADISSON ADMIRAL HOTEL,Over 20 years,N,Lease,26,3,31,126,42,88,Y,N,Y,N,Japanese,N,Low-end,120360,65195,80876,4685,651,3148,Y,3,-79.38561,43.63882,3
6962,WEFUSION GRILL & MUSIC BAR,1-5 years,N,Own,43,10,17,104,43,41,N,Y,N,N,Chinese,Y,Low-end,177365,75089,145612,4597,1791,3774,Y,4,-79.33948,43.81143,4
6970,WENDY'S,11-20 years,Y,Lease,28,6,23,117,10,60,Y,Y,Y,N,Greek,Y,Low-end,126352,43776,102643,3816,720,3100,Y,1,-79.3292,43.65961,1
6979,WENDY'S,1-5 years,N,Own,62,18,69,120,57,45,Y,Y,Y,Y,Mediterranean,N,High-end,679726,260217,389906,16032,7061,9196,Y,2,-79.53294,43.73463,2
6996,WESTON BURGER BAR AND GRILL,11-20 years,Y,Lease,48,7,27,117,28,66,N,N,N,N,Japanese,N,Average,185038,70972,257634,6478,1842,9019,Y,2,-79.50147,43.69181,2
7004,WEXFORD COLLEGIATE FOOD SERVICES Institute #21337,6-10 years,Y,"Lease, want to purchase",10,2,31,78,25,67,Y,N,Y,N,Chinese,N,Low-end,276098,8873,115904,6718,817,2820,Y,4,-79.3068,43.74617,4
7007,WHAT A BAGEL,6-10 years,Y,Own,44,19,69,165,8,83,N,N,N,N,Vietnamese,N,Average,520009,28176,178760,18971,6062,6521,Y,1,-79.41083,43.76226,1
7025,WILD WING,Under 1 year,Y,"Lease, want to purchase",63,18,53,84,59,52,Y,Y,N,N,Japanese,N,Low-end,129611,14403,89467,4020,85,2774,Y,2,-79.53919,43.61816,2
7031,WILD WING,1-5 years,Y,"Lease, want to purchase",23,13,19,160,44,42,Y,N,Y,Y,Greek,N,High-end,534051,91480,414293,22146,3850,17180,Y,1,-79.38486,43.63918,1
7044,WINDSOR ARMS HOTEL,11-20 years,N,Lease,62,4,48,154,25,58,N,Y,N,N,Vietnamese,N,Average,361609,38093,440031,8634,2804,10507,Y,1,-79.39113,43.6688,1
7045,WING HOUSE & SPORTS BAR,Under 1 year,N,Own,17,14,20,104,19,78,Y,Y,Y,N,Japanese,Y,High-end,415105,134976,468551,18455,7350,20831,Y,1,-79.36758,43.6628,1
7065,WOODBINE RACETRACK - FAVOURITES,Over 20 years,Y,"Lease, want to purchase",33,6,18,105,15,49,Y,N,Y,N,Japanese,Y,High-end,711989,466645,526692,23309,9663,17242,Y,1,-79.60564,43.70901,1
7074,WORKING DOG SALOON,Under 1 year,N,Own,36,11,10,144,0,92,N,Y,Y,N,Mediterranean,N,Low-end,210470,28245,202989,5349,1481,5159,Y,4,-79.24987,43.71943,4
7079,WU JIAN DAO,Over 20 years,N,Lease,59,10,12,107,20,85,Y,Y,N,N,Mexican,N,Average,226253,38205,321744,8571,1221,12188,Y,1,-79.38674,43.66565,1
7088,Way of Life Internet Cafe,11-20 years,Y,Own,29,15,4,81,11,93,Y,Y,Y,N,Italian,Y,Average,218692,53527,191954,8703,490,7639,Y,1,-79.47339,43.69022,1
7112,YAK & YETI,1-5 years,Y,Lease,48,19,64,162,8,90,Y,Y,N,N,Vietnamese,N,Average,189757,13155,364774,6699,632,12877,Y,1,-79.45377,43.65606,1
7128,YIN JI CHANG FEN,6-10 years,N,Lease,40,11,61,103,40,85,Y,N,Y,N,Japanese,Y,Average,478035,28420,176105,16905,293,6227,Y,4,-79.40983,43.75845,4
7138,YORK MILLS GALLERY,1-5 years,N,Own,16,15,16,146,58,96,Y,Y,N,Y,Chinese,N,Average,381860,140266,160933,8494,499,3580,Y,2,-79.36057,43.75713,2
7157,YUMEI SUSHI,1-5 years,Y,Lease,69,2,16,74,26,46,Y,Y,Y,N,Indian,N,Low-end,237054,103406,178852,8460,2420,6383,Y,5,-79.29489,43.67135,5
7160,YUMMY KOREAN FOOD RESTAURANT,6-10 years,N,Lease,10,14,49,133,38,52,Y,Y,Y,N,Indian,Y,High-end,759978,181355,611638,34073,11987,27422,Y,1,-79.41409,43.66451,1
7176,Young Age Restaurant and Take Out,1-5 years,N,Own,64,16,16,152,3,97,Y,Y,N,N,Mexican,N,Low-end,186235,31912,111643,8161,816,4892,Y,2,-79.23459,43.78198,2
7200,ZED 80,11-20 years,Y,Own,49,12,47,145,59,84,Y,Y,Y,N,Mexican,Y,Low-end,153201,57802,101209,3287,1121,2172,Y,4,-79.35633,43.67646,4
7210,ZHANG'S KITCHEN,11-20 years,N,"Lease, want to purchase",59,13,34,80,67,88,N,Y,Y,N,Japanese,Y,Average,459903,66670,374669,18554,5713,15116,Y,1,-79.38234,43.65757,1
7211,ZIBA BERLIN DONER,Under 1 year,Y,"Lease, want to purchase",33,8,40,92,65,82,Y,N,N,N,Mediterranean,Y,Low-end,239235,61058,232600,7072,4040,6876,Y,5,-79.31697,43.66652,5
